seed,scenario_id,true_error,syndrome,candidate_count,baseline_correction,baseline_confidence,baseline_logical_risk,baseline_formal_logical_success,baseline_formal_logical_failure,baseline_residual,oracle_best_correction,oracle_best_logical_risk,oracle_best_formal_logical_success,oracle_best_formal_logical_failure,oracle_best_residual,qdsv_raw_correction,qdsv_raw_confidence,qdsv_raw_logical_risk,qdsv_raw_formal_logical_success,qdsv_raw_formal_logical_failure,qdsv_raw_residual,qdsv_guarded_correction,qdsv_guarded_confidence,qdsv_guarded_logical_risk,qdsv_guarded_formal_logical_success,qdsv_guarded_formal_logical_failure,qdsv_guarded_residual,raw_risk_delta,guarded_risk_delta,raw_logical_failure_delta,guarded_logical_failure_delta,raw_override_attempted,guarded_override_accepted,guarded_override_rejected,guarded_reason,raw_bad_override,guarded_bad_override,raw_successful_override,guarded_successful_override,evidence_insufficient_flag,qdsv_score_margin,timing_candidate_ms,timing_qdsv_ms,timing_total_ms
510001,0,IYIII,1101,23,IYIII,986,50,True,False,IIIII,IYIII,50,True,False,IIIII,IYIII,986,50,True,False,IIIII,IYIII,986,50,True,False,IIIII,0,0,0,0,False,False,False,same_as_baseline,False,False,False,False,False,311.00544099378885,8.995000000140863,4.274199998690165,19.296100001156447
510001,1,IIZII,0010,23,IIZII,992,50,True,False,IIIII,IIZII,50,True,False,IIIII,IIZII,992,50,True,False,IIIII,IIZII,992,50,True,False,IIIII,0,0,0,0,False,False,False,same_as_baseline,False,False,False,False,False,310.66031055900623,4.24850000126753,3.88579999889771,10.309999999662978
510001,2,IIXII,1100,23,XIYIX,963,390,False,True,XIZIX,IIXII,50,True,False,IIIII,IIXII,958,50,True,False,IIIII,IIXII,958,50,True,False,IIIII,340,340,1,1,True,True,False,accept_guarded_override,False,False,True,True,False,304.0699627329193,5.592199999227887,3.726999999344116,11.445199999798206
510001,3,IIIIY,0111,23,IIIIY,939,50,True,False,IIIII,IIIIY,50,True,False,IIIII,IIIIY,939,50,True,False,IIIII,IIIIY,939,50,True,False,IIIII,0,0,0,0,False,False,False,same_as_baseline,False,False,False,False,False,303.15454534161495,4.019599999082857,3.6092999998800224,9.745400000610971
510001,4,IZIII,0101,23,IZIII,1000,50,True,False,IIIII,IZIII,50,True,False,IIIII,IZIII,1000,50,True,False,IIIII,IZIII,1000,50,True,False,IIIII,0,0,0,0,False,False,False,same_as_baseline,False,False,False,False,False,313.06307577639757,3.8426000010076677,3.726700000697747,9.600800000043819
510001,5,IIZII,0010,23,IIZII,994,50,True,False,IIIII,IIZII,50,True,False,IIIII,IIZII,994,50,True,False,IIIII,IIZII,994,50,True,False,IIIII,0,0,0,0,False,False,False,same_as_baseline,False,False,False,False,False,309.049701863354,4.04770000022836,3.5340999984327937,9.645400001318194
510001,6,IIIIX,0011,23,IIIIX,986,50,True,False,IIIII,IIIIX,50,True,False,IIIII,IIIIX,986,50,True,False,IIIII,IIIIX,986,50,True,False,IIIII,0,0,0,0,False,False,False,same_as_baseline,False,False,False,False,False,310.877249689441,3.808499999649939,3.5914999989472562,9.48439999956463
510001,7,IIIXI,0110,23,IIIXI,1000,50,True,False,IIIII,IIIXI,50,True,False,IIIII,IIIXI,1000,50,True,False,IIIII,IIIXI,1000,50,True,False,IIIII,0,0,0,0,False,False,False,same_as_baseline,False,False,False,False,False,313.06307577639757,4.748399998788955,3.689200000735582,10.670600000594277
510001,8,IIIIY,0111,23,IIIIY,1000,50,True,False,IIIII,IIIIY,50,True,False,IIIII,IIIIY,1000,50,True,False,IIIII,IIIIY,1000,50,True,False,IIIII,0,0,0,0,False,False,False,same_as_baseline,False,False,False,False,False,310.7556322981367,4.263800001353957,3.8585999991482822,10.131200000614626
510001,9,IXIII,1000,23,IXIII,1000,50,True,False,IIIII,IXIII,50,True,False,IIIII,IXIII,1000,50,True,False,IIIII,IXIII,1000,50,True,False,IIIII,0,0,0,0,False,False,False,same_as_baseline,False,False,False,False,False,311.78116273291926,3.773399999772664,3.8010000007488998,9.466699999393313
510001,10,IIIYI,1111,23,IIIYI,997,50,True,False,IIIII,IIIYI,50,True,False,IIIII,IIIYI,997,50,True,False,IIIII,IIIYI,997,50,True,False,IIIII,0,0,0,0,False,False,False,same_as_baseline,False,False,False,False,False,312.7228757763976,4.047299999001552,3.568599999198341,10.313699998732773
510001,11,YIIII,1011,23,YIIII,978,50,True,False,IIIII,YIIII,50,True,False,IIIII,YIIII,978,50,True,False,IIIII,YIIII,978,50,True,False,IIIII,0,0,0,0,False,False,False,same_as_baseline,False,False,False,False,False,308.08991055900617,4.096999999092077,4.367300000012619,10.718800000176998
510001,12,IIIIY,0111,23,IIIIY,969,50,True,False,IIIII,IIIIY,50,True,False,IIIII,IIIIY,969,50,True,False,IIIII,IIIIY,969,50,True,False,IIIII,0,0,0,0,False,False,False,same_as_baseline,False,False,False,False,False,306.04378012422364,4.843300001084572,3.60250000085216,10.434200001327554
510001,13,IIIIY,0111,23,IIIIY,979,50,True,False,IIIII,IIIIY,50,True,False,IIIII,IIIIY,979,50,True,False,IIIII,IIIIY,979,50,True,False,IIIII,0,0,0,0,False,False,False,same_as_baseline,False,False,False,False,False,307.22051055900624,3.6571000000549247,3.91950000084762,9.483199999522185
510001,14,XIIII,0001,23,XIIII,999,50,True,False,IIIII,XIIII,50,True,False,IIIII,XIIII,999,50,True,False,IIIII,XIIII,999,50,True,False,IIIII,0,0,0,0,False,False,False,same_as_baseline,False,False,False,False,False,312.77875403726705,3.814200001215795,3.506600000036997,9.162199999991572
510001,15,IIIXI,0110,23,IIIXI,986,50,True,False,IIIII,IIIXI,50,True,False,IIIII,IIIXI,986,50,True,False,IIIII,IIIXI,986,50,True,False,IIIII,0,0,0,0,False,False,False,same_as_baseline,False,False,False,False,False,313.31288447204963,3.6753000003955094,3.545499999745516,9.654000001319218
510001,16,IIIIZ,0100,23,IIIIZ,981,50,True,False,IIIII,IIIIZ,50,True,False,IIIII,IIIIZ,981,50,True,False,IIIII,IIIIZ,981,50,True,False,IIIII,0,0,0,0,False,False,False,same_as_baseline,False,False,False,False,False,308.6864931677019,4.088400000910042,3.560200000720215,9.638699999413802
510001,17,IIIXI,0110,23,IIIXI,1000,50,True,False,IIIII,IIIXI,50,True,False,IIIII,IIIXI,1000,50,True,False,IIIII,IIIXI,1000,50,True,False,IIIII,0,0,0,0,False,False,False,same_as_baseline,False,False,False,False,False,310.88382360248454,4.530600001089624,3.7737000002380228,10.590099998808
510001,18,ZIIII,1010,23,ZIIII,955,50,True,False,IIIII,ZIIII,50,True,False,IIIII,ZIIII,955,50,True,False,IIIII,ZIIII,955,50,True,False,IIIII,0,0,0,0,False,False,False,same_as_baseline,False,False,False,False,False,304.7552931677018,4.144199998336262,3.9348999998765066,10.381699999925331
510001,19,IZIII,0101,23,IZIII,1000,50,True,False,IIIII,IZIII,50,True,False,IIIII,IZIII,1000,50,True,False,IIIII,IZIII,1000,50,True,False,IIIII,0,0,0,0,False,False,False,same_as_baseline,False,False,False,False,False,311.9093540372671,4.025299998829723,3.601200000048266,9.575099998983205
510001,20,IIZII,0010,23,IIZII,984,50,True,False,IIIII,IIZII,50,True,False,IIIII,IIZII,984,50,True,False,IIIII,IIZII,984,50,True,False,IIIII,0,0,0,0,False,False,False,same_as_baseline,False,False,False,False,False,310.1804149068323,4.116100000828737,3.6825999995926395,10.211299999355106
510001,21,XIIII,0001,23,XIIII,1000,50,True,False,IIIII,XIIII,50,True,False,IIIII,XIIII,1000,50,True,False,IIIII,XIIII,1000,50,True,False,IIIII,0,0,0,0,False,False,False,same_as_baseline,False,False,False,False,False,295.88544099378885,3.8860999993630685,3.9551999998366227,9.804200000871788
510001,22,IIIIX,0011,23,IIIIX,986,50,True,False,IIIII,IIIIX,50,True,False,IIIII,IIIIX,986,50,True,False,IIIII,IIIIX,986,50,True,False,IIIII,0,0,0,0,False,False,False,same_as_baseline,False,False,False,False,False,309.2107627329192,8.267199998954311,4.1049999999813735,15.712999998868327
510001,23,IXIII,1000,23,IXIII,1000,50,True,False,IIIII,IXIII,50,True,False,IIIII,IXIII,1000,50,True,False,IIIII,IXIII,1000,50,True,False,IIIII,0,0,0,0,False,False,False,same_as_baseline,False,False,False,False,False,310.7556322981367,5.231499999354128,3.932800000256975,11.827599999378435
510001,24,IIIZI,1001,23,IZXII,1000,220,False,True,IZXZI,IIIZI,50,True,False,IIIII,IIIZI,955,50,True,False,IIIII,IIIZI,955,50,True,False,IIIII,170,170,1,1,True,True,False,accept_guarded_override,False,False,True,True,False,287.5776583850932,4.152800000156276,4.209300001093652,10.489800000868854
510001,25,IIIIZ,0100,23,IIIIZ,1000,50,True,False,IIIII,IIIIZ,50,True,False,IIIII,IIIIZ,1000,50,True,False,IIIII,IIIIZ,1000,50,True,False,IIIII,0,0,0,0,False,False,False,same_as_baseline,False,False,False,False,False,312.5503105590062,4.559800001516123,3.763299999263836,10.362000000895932
510001,26,IIIIX,0011,23,IIIIX,976,50,True,False,IIIII,IIIIX,50,True,False,IIIII,IIIIX,976,50,True,False,IIIII,IIIIX,976,50,True,False,IIIII,0,0,0,0,False,False,False,same_as_baseline,False,False,False,False,False,306.4957366459628,4.486199999519158,3.681199999846285,10.404000000562519
510001,27,IIIXI,0110,23,IIIXI,994,50,True,False,IIIII,IIIXI,50,True,False,IIIII,IIIXI,994,50,True,False,IIIII,IIIXI,994,50,True,False,IIIII,0,0,0,0,False,False,False,same_as_baseline,False,False,False,False,False,309.94704099378885,3.809499999988475,3.7767999983771006,9.521599999061436
510001,28,IIYII,1110,23,IIYII,994,50,True,False,IIIII,IIYII,50,True,False,IIIII,IIYII,994,50,True,False,IIIII,IIYII,994,50,True,False,IIIII,0,0,0,0,False,False,False,same_as_baseline,False,False,False,False,False,310.58799751552795,4.12039999901026,3.6546000010275748,9.778899999218993
510001,29,IIIIY,0111,23,IIIIY,1000,50,True,False,IIIII,IIIIY,50,True,False,IIIII,IIIIY,1000,50,True,False,IIIII,IIIIY,1000,50,True,False,IIIII,0,0,0,0,False,False,False,same_as_baseline,False,False,False,False,False,310.49924968944106,3.880399999616202,3.9409000000887318,9.855600001174025
510001,30,IZIII,0101,23,IZIII,994,50,True,False,IIIII,IZIII,50,True,False,IIIII,IZIII,994,50,True,False,IIIII,IZIII,994,50,True,False,IIIII,0,0,0,0,False,False,False,same_as_baseline,False,False,False,False,False,312.89544099378884,4.037800001242431,3.542800001014257,9.583800001564668
510001,31,IIIIZ,0100,23,IIIIZ,1000,50,True,False,IIIII,IIIIZ,50,True,False,IIIII,IIIIZ,1000,50,True,False,IIIII,IIIIZ,1000,50,True,False,IIIII,0,0,0,0,False,False,False,same_as_baseline,False,False,False,False,False,313.06307577639757,4.298099998777616,3.574400001525646,9.987900000851369
510001,32,ZIIII,1010,23,ZIIII,961,50,True,False,IIIII,ZIIII,50,True,False,IIIII,ZIIII,961,50,True,False,IIIII,ZIIII,961,50,True,False,IIIII,0,0,0,0,False,False,False,same_as_baseline,False,False,False,False,False,306.5894149068323,3.8552999994863058,3.599499999836553,9.458599999561557
510001,33,XIIII,0001,23,XIIII,963,50,True,False,IIIII,XIIII,50,True,False,IIIII,XIIII,963,50,True,False,IIIII,XIIII,963,50,True,False,IIIII,0,0,0,0,False,False,False,same_as_baseline,False,False,False,False,False,304.46604099378885,4.650199998650351,3.558399999747053,10.159800000110408
510001,34,IIIIZ,0100,23,IIIIZ,1000,50,True,False,IIIII,IIIIZ,50,True,False,IIIII,IIIIZ,1000,50,True,False,IIIII,IIIIZ,1000,50,True,False,IIIII,0,0,0,0,False,False,False,same_as_baseline,False,False,False,False,False,311.9093540372671,3.925500001059845,4.17840000045544,10.243199998512864
510001,35,IXIII,1000,23,IXIII,980,50,True,False,IIIII,IXIII,50,True,False,IIIII,IXIII,980,50,True,False,IIIII,IXIII,980,50,True,False,IIIII,0,0,0,0,False,False,False,same_as_baseline,False,False,False,False,False,309.9404670807453,3.9641999992454657,3.588200001104269,9.48679999964952
510001,36,IZIII,0101,23,IZIII,996,50,True,False,IIIII,IZIII,50,True,False,IIIII,IZIII,996,50,True,False,IIIII,IZIII,996,50,True,False,IIIII,0,0,0,0,False,False,False,same_as_baseline,False,False,False,False,False,310.7720670807453,4.064000000653323,5.7291000011900906,13.181599999370519
510001,37,IYIII,1101,23,IYIII,1000,50,True,False,IIIII,IYIII,50,True,False,IIIII,IYIII,1000,50,True,False,IIIII,IYIII,1000,50,True,False,IIIII,0,0,0,0,False,False,False,same_as_baseline,False,False,False,False,False,312.80669316770195,5.122500000652508,7.387499999822467,16.16459999968356
510001,38,XIIII,0001,23,XIIII,1000,50,True,False,IIIII,XIIII,50,True,False,IIIII,XIIII,1000,50,True,False,IIIII,XIIII,1000,50,True,False,IIIII,0,0,0,0,False,False,False,same_as_baseline,False,False,False,False,False,310.3710583850932,10.497399998712353,7.307899999432266,23.10600000055274
510001,39,XIIII,0001,23,XIIII,1000,50,True,False,IIIII,XIIII,50,True,False,IIIII,XIIII,1000,50,True,False,IIIII,XIIII,1000,50,True,False,IIIII,0,0,0,0,False,False,False,same_as_baseline,False,False,False,False,False,310.7556322981367,11.618099999395781,6.325099999230588,23.897999999462627
510002,0,ZIIII,1010,23,ZIIII,957,50,True,False,IIIII,ZIIII,50,True,False,IIIII,ZIIII,957,50,True,False,IIIII,ZIIII,957,50,True,False,IIIII,0,0,0,0,False,False,False,same_as_baseline,False,False,False,False,False,304.9393627329192,5.919000001085806,4.729199999928824,14.205800000127056
510002,1,IXIII,1000,23,IXIII,1000,50,True,False,IIIII,IXIII,50,True,False,IIIII,IXIII,1000,50,True,False,IIIII,IXIII,1000,50,True,False,IIIII,0,0,0,0,False,False,False,same_as_baseline,False,False,False,False,False,310.49924968944106,5.619800000204123,4.054600000017672,13.886000000638887
510002,2,IIIIX,0011,23,IIIIX,1000,50,True,False,IIIII,IIIIX,50,True,False,IIIII,IIIIX,1000,50,True,False,IIIII,IIIIX,1000,50,True,False,IIIII,0,0,0,0,False,False,False,same_as_baseline,False,False,False,False,False,309.9864844720497,4.525700000158395,6.378600000971346,13.858500000424101
510002,3,YIIII,1011,23,YIIII,1000,50,True,False,IIIII,YIIII,50,True,False,IIIII,YIIII,1000,50,True,False,IIIII,YIIII,1000,50,True,False,IIIII,0,0,0,0,False,False,False,same_as_baseline,False,False,False,False,False,310.7556322981367,7.344100000409526,4.033500001241919,14.43199999994249
510002,4,IIXII,1100,23,IIXII,963,50,True,False,IIIII,IIXII,50,True,False,IIIII,IIXII,963,50,True,False,IIIII,IIXII,963,50,True,False,IIIII,0,0,0,0,False,False,False,same_as_baseline,False,False,False,False,False,306.13252795031053,4.580300001180149,6.877699999677134,15.728500000477652
510002,5,IIIIY,0111,23,IIIIY,989,50,True,False,IIIII,IIIIY,50,True,False,IIIII,IIIIY,989,50,True,False,IIIII,IIIIY,989,50,True,False,IIIII,0,0,0,0,False,False,False,same_as_baseline,False,False,False,False,False,310.0637279503105,7.891600000220933,7.397600000331295,20.76149999993504
510002,6,XIIII,0001,23,XIIII,1000,50,True,False,IIIII,XIIII,50,True,False,IIIII,XIIII,1000,50,True,False,IIIII,XIIII,1000,50,True,False,IIIII,0,0,0,0,False,False,False,same_as_baseline,False,False,False,False,False,294.60352795031065,8.232700000007753,4.0791999999783,19.079300000157673
510002,7,IIIIZ,0100,23,IIIIZ,1000,50,True,False,IIIII,IIIIZ,50,True,False,IIIII,IIIIZ,1000,50,True,False,IIIII,IIIIZ,1000,50,True,False,IIIII,0,0,0,0,False,False,False,same_as_baseline,False,False,False,False,False,310.7556322981367,4.221400000460562,6.3527000002068235,13.283500000397908
510002,8,ZIIII,1010,23,ZIIII,931,50,True,False,IIIII,ZIIII,50,True,False,IIIII,ZIIII,931,50,True,False,IIIII,ZIIII,931,50,True,False,IIIII,0,0,0,0,False,False,False,same_as_baseline,False,False,False,False,False,299.34167577639755,5.226600000241888,3.945499998735613,11.66430000012042
510002,9,IIIXI,0110,23,IIIXI,994,50,True,False,IIIII,IIIXI,50,True,False,IIIII,IIIXI,994,50,True,False,IIIII,IIIXI,994,50,True,False,IIIII,0,0,0,0,False,False,False,same_as_baseline,False,False,False,False,False,309.1778931677019,5.826599999636528,4.270199999155011,13.146999999662512
510002,10,IIZII,0010,23,IIZII,1000,50,True,False,IIIII,IIZII,50,True,False,IIIII,IIZII,1000,50,True,False,IIIII,IIZII,1000,50,True,False,IIIII,0,0,0,0,False,False,False,same_as_baseline,False,False,False,False,False,310.88382360248454,14.666099999885773,7.4165999994875165,30.907700000170735
510002,11,IYIII,1101,23,IYIII,981,50,True,False,IIIII,IYIII,50,True,False,IIIII,IYIII,981,50,True,False,IIIII,IYIII,981,50,True,False,IIIII,0,0,0,0,False,False,False,same_as_baseline,False,False,False,False,False,313.1731888198758,4.317200000514276,4.627699998309254,11.798400000770926
510002,12,IIIIX,0011,23,IIIIX,1000,50,True,False,IIIII,IIIIX,50,True,False,IIIII,IIIIX,1000,50,True,False,IIIII,IIIIX,1000,50,True,False,IIIII,0,0,0,0,False,False,False,same_as_baseline,False,False,False,False,False,311.14020621118016,4.224899999826448,4.166099999565631,10.69659999848227
510002,13,IXIII,1000,23,IXIII,1000,50,True,False,IIIII,IXIII,50,True,False,IIIII,IXIII,1000,50,True,False,IIIII,IXIII,1000,50,True,False,IIIII,0,0,0,0,False,False,False,same_as_baseline,False,False,False,False,False,316.7806236024845,7.431399999404675,4.286299999876064,14.100299998972332
510002,14,IIIYI,1111,23,IIIYI,944,50,True,False,IIIII,IIIYI,50,True,False,IIIII,IIIYI,944,50,True,False,IIIII,IIIYI,944,50,True,False,IIIII,0,0,0,0,False,False,False,same_as_baseline,False,False,False,False,False,302.0123279503106,6.624899999223999,3.8180999999894993,13.489400000253227
510002,15,YIIII,1011,23,YIIII,985,50,True,False,IIIII,YIIII,50,True,False,IIIII,YIIII,985,50,True,False,IIIII,YIIII,985,50,True,False,IIIII,0,0,0,0,False,False,False,same_as_baseline,False,False,False,False,False,310.59292795031047,5.001899999115267,4.503500000282656,14.1392999994423
510002,16,IIYII,1110,23,IIYII,999,50,True,False,IIIII,IIYII,50,True,False,IIIII,IIYII,999,50,True,False,IIIII,IIYII,999,50,True,False,IIIII,0,0,0,0,False,False,False,same_as_baseline,False,False,False,False,False,310.21492795031054,4.420600000230479,5.672799999956624,12.36600000083854
510002,17,IXIII,1000,23,IXIII,957,50,True,False,IIIII,IXIII,50,True,False,IIIII,IXIII,957,50,True,False,IIIII,IXIII,957,50,True,False,IIIII,0,0,0,0,False,False,False,same_as_baseline,False,False,False,False,False,308.14414534161483,5.047900000135996,5.459199999677367,13.449599999148631
510002,18,IIIIX,0011,23,IYYII,1000,220,False,True,IYYIX,IIIIX,50,True,False,IIIII,IIIIX,944,50,True,False,IIIII,IIIIX,944,50,True,False,IIIII,170,170,1,1,True,True,False,accept_guarded_override,False,False,True,True,False,285.86022360248455,8.436100000835722,3.9995999995880993,15.249300000505173
510002,19,IIXII,1100,23,IIXII,1000,50,True,False,IIIII,IIXII,50,True,False,IIIII,IIXII,1000,50,True,False,IIIII,IIXII,1000,50,True,False,IIIII,0,0,0,0,False,False,False,same_as_baseline,False,False,False,False,False,316.2678583850932,8.004799999980605,4.702300000644755,15.631700000085402
510002,20,IZIII,0101,23,IZIII,1000,50,True,False,IIIII,IZIII,50,True,False,IIIII,IZIII,1000,50,True,False,IIIII,IZIII,1000,50,True,False,IIIII,0,0,0,0,False,False,False,same_as_baseline,False,False,False,False,False,311.14020621118016,8.24549999924784,3.8194999997358536,14.871600000333274
510002,21,IIIXI,0110,23,IIIXI,1000,50,True,False,IIIII,IIIXI,50,True,False,IIIII,IIIXI,1000,50,True,False,IIIII,IIIXI,1000,50,True,False,IIIII,0,0,0,0,False,False,False,same_as_baseline,False,False,False,False,False,312.16573664596274,4.599899999448098,3.976699999839184,12.90789999984554
510002,22,IIIYI,1111,23,XIYII,1000,220,False,True,XIYYI,IIIYI,50,True,False,IIIII,IIIYI,969,50,True,False,IIIII,IIIYI,969,50,True,False,IIIII,170,170,1,1,True,True,False,accept_guarded_override,False,False,True,True,False,289.76348447204975,4.150000000663567,5.425400000603986,11.882599999808008
510002,23,IXIII,1000,23,IXIII,1000,50,True,False,IIIII,IXIII,50,True,False,IIIII,IXIII,1000,50,True,False,IIIII,IXIII,1000,50,True,False,IIIII,0,0,0,0,False,False,False,same_as_baseline,False,False,False,False,False,310.49924968944106,4.382600000099046,3.9723999998386716,10.484599999472266
510002,24,IIIIZ,0100,23,IIIIZ,1000,50,True,False,IIIII,IIIIZ,50,True,False,IIIII,IIIIZ,1000,50,True,False,IIIII,IIIIZ,1000,50,True,False,IIIII,0,0,0,0,False,False,False,same_as_baseline,False,False,False,False,False,294.60352795031065,8.125700000164215,5.7671000013215235,16.6148999996949
510002,25,IIIIY,0111,23,IIIIY,954,50,True,False,IIIII,IIIIY,50,True,False,IIIII,IIIIY,954,50,True,False,IIIII,IIIIY,954,50,True,False,IIIII,0,0,0,0,False,False,False,same_as_baseline,False,False,False,False,False,304.7273540372671,8.668700000271201,3.77430000116874,15.63249999890104
510002,26,IIIZI,1001,23,IIIZI,1000,50,True,False,IIIII,IIIZI,50,True,False,IIIII,IIIZI,1000,50,True,False,IIIII,IIIZI,1000,50,True,False,IIIII,0,0,0,0,False,False,False,same_as_baseline,False,False,False,False,False,312.16573664596274,6.967200000872253,4.066899999088491,13.700199999220786
510002,27,IIXII,1100,23,IIXII,979,50,True,False,IIIII,IIXII,50,True,False,IIIII,IIXII,979,50,True,False,IIIII,IIXII,979,50,True,False,IIIII,0,0,0,0,False,False,False,same_as_baseline,False,False,False,False,False,306.9641279503106,4.26789999983157,4.096500000741798,13.679199999387492
510002,28,IIIXI,0110,23,IIIXI,975,50,True,False,IIIII,IIIXI,50,True,False,IIIII,IIIXI,975,50,True,False,IIIII,IIIXI,975,50,True,False,IIIII,0,0,0,0,False,False,False,same_as_baseline,False,False,False,False,False,310.5699192546583,4.163499999776832,4.808300000149757,11.668399998598034
510002,29,IIIIX,0011,23,IYYII,1000,220,False,True,IYYIX,IIIIX,50,True,False,IIIII,IIIIX,997,50,True,False,IIIII,IIIIX,997,50,True,False,IIIII,170,170,1,1,True,True,False,accept_guarded_override,False,False,True,True,False,294.1351366459628,5.289999999149586,6.175099999381928,14.803899999606074
510002,30,IIIIX,0011,23,IIIIX,1000,50,True,False,IIIII,IIIIX,50,True,False,IIIII,IIIIX,1000,50,True,False,IIIII,IIIIX,1000,50,True,False,IIIII,0,0,0,0,False,False,False,same_as_baseline,False,False,False,False,False,314.3449888198759,7.125800000721938,4.723800000647316,14.57029999983206
510002,31,IIXII,1100,23,IIXII,941,50,True,False,IIIII,IIXII,50,True,False,IIIII,IIXII,941,50,True,False,IIIII,IIXII,941,50,True,False,IIIII,0,0,0,0,False,False,False,same_as_baseline,False,False,False,False,False,301.9285105590062,8.058299999902374,3.978400000050897,14.844899998934125
510002,32,IIIIY,0111,23,IIIIY,962,50,True,False,IIIII,IIIIY,50,True,False,IIIII,IIIIY,962,50,True,False,IIIII,IIIIY,962,50,True,False,IIIII,0,0,0,0,False,False,False,same_as_baseline,False,False,False,False,False,305.3354409937889,7.010600000285194,3.8679000008414732,13.514000000213855
510002,33,IZIII,0101,23,IZIII,972,50,True,False,IIIII,IZIII,50,True,False,IIIII,IZIII,972,50,True,False,IIIII,IZIII,972,50,True,False,IIIII,0,0,0,0,False,False,False,same_as_baseline,False,False,False,False,False,309.3323801242236,4.010700000435463,4.5654000005015405,10.664400000678143
510002,34,IIZII,0010,23,IIZII,980,50,True,False,IIIII,IIZII,50,True,False,IIIII,IIZII,980,50,True,False,IIIII,IIZII,980,50,True,False,IIIII,0,0,0,0,False,False,False,same_as_baseline,False,False,False,False,False,307.6330236024844,4.286300001695054,3.813700001046527,10.237400001642527
510002,35,IIIZI,1001,23,IIIZI,952,50,True,False,IIIII,IIIZI,50,True,False,IIIII,IIIZI,952,50,True,False,IIIII,IIIZI,952,50,True,False,IIIII,0,0,0,0,False,False,False,same_as_baseline,False,False,False,False,False,306.4661540372671,6.011100000250735,5.6316999998671236,14.26270000047225
510002,36,IIIIY,0111,23,IIIIY,1000,50,True,False,IIIII,IIIIY,50,True,False,IIIII,IIIIY,1000,50,True,False,IIIII,IIIIY,1000,50,True,False,IIIII,0,0,0,0,False,False,False,same_as_baseline,False,False,False,False,False,312.6785018633541,8.09079999999085,3.8270000004558824,14.51219999944442
510002,37,YIIII,1011,23,YIIII,986,50,True,False,IIIII,YIIII,50,True,False,IIIII,YIIII,986,50,True,False,IIIII,YIIII,986,50,True,False,IIIII,0,0,0,0,False,False,False,same_as_baseline,False,False,False,False,False,308.8261888198758,4.351600000518374,5.702599999494851,13.094899999487097
510002,38,IIYII,1110,23,IIYII,958,50,True,False,IIIII,IIYII,50,True,False,IIIII,IIYII,958,50,True,False,IIIII,IIYII,958,50,True,False,IIIII,0,0,0,0,False,False,False,same_as_baseline,False,False,False,False,False,303.4290062111801,4.892900000413647,4.069099999469472,11.576700000659912
510002,39,IIIZI,1001,23,IIIZI,940,50,True,False,IIIII,IIIZI,50,True,False,IIIII,IIIZI,940,50,True,False,IIIII,IIIZI,940,50,True,False,IIIII,0,0,0,0,False,False,False,same_as_baseline,False,False,False,False,False,301.2596149068323,4.615200001353514,3.833900000245194,10.647299999618554
510003,0,IIIIZ,0100,23,IIIIZ,1000,50,True,False,IIIII,IIIIZ,50,True,False,IIIII,IIIIZ,1000,50,True,False,IIIII,IIIIZ,1000,50,True,False,IIIII,0,0,0,0,False,False,False,same_as_baseline,False,False,False,False,False,314.216797515528,6.598500000109198,4.305300000851275,13.470600000800914
510003,1,IIIIX,0011,23,IIIIX,977,50,True,False,IIIII,IIIIX,50,True,False,IIIII,IIIIX,977,50,True,False,IIIII,IIIIX,977,50,True,False,IIIII,0,0,0,0,False,False,False,same_as_baseline,False,False,False,False,False,308.57473664596273,4.867300000114483,6.253800000195042,15.180899999904796
510003,2,YIIII,1011,23,YIIII,942,50,True,False,IIIII,YIIII,50,True,False,IIIII,YIIII,942,50,True,False,IIIII,YIIII,942,50,True,False,IIIII,0,0,0,0,False,False,False,same_as_baseline,False,False,False,False,False,301.05911055900617,6.883399999424,3.836599998976453,14.06929999939166
510003,3,IIIIX,0011,23,IIIIX,952,50,True,False,IIIII,IIIIX,50,True,False,IIIII,IIIIX,952,50,True,False,IIIII,IIIIX,952,50,True,False,IIIII,0,0,0,0,False,False,False,same_as_baseline,False,False,False,False,False,304.4150931677018,4.264200000761775,4.175000000032014,10.618199999953504
510003,4,ZIIII,1010,23,ZIIII,998,50,True,False,IIIII,ZIIII,50,True,False,IIIII,ZIIII,998,50,True,False,IIIII,ZIIII,998,50,True,False,IIIII,0,0,0,0,False,False,False,same_as_baseline,False,False,False,False,False,309.80241490683227,4.348599999502767,3.7406999999802792,10.305300000254647
510003,5,IIIXI,0110,23,IIIXI,1000,50,True,False,IIIII,IIIXI,50,True,False,IIIII,IIIXI,1000,50,True,False,IIIII,IIIXI,1000,50,True,False,IIIII,0,0,0,0,False,False,False,same_as_baseline,False,False,False,False,False,314.08860621118015,4.332900000008522,3.94860000051267,11.281699999017292
510003,6,XIIII,0001,23,XIIII,978,50,True,False,IIIII,XIIII,50,True,False,IIIII,XIIII,978,50,True,False,IIIII,XIIII,978,50,True,False,IIIII,0,0,0,0,False,False,False,same_as_baseline,False,False,False,False,False,308.47448447204965,4.543999999441439,4.753499999424093,14.063399999940884
510003,7,IIIXI,0110,23,IIIXI,1000,50,True,False,IIIII,IIIXI,50,True,False,IIIII,IIIXI,1000,50,True,False,IIIII,IIIXI,1000,50,True,False,IIIII,0,0,0,0,False,False,False,same_as_baseline,False,False,False,False,False,310.7556322981367,6.17210000018531,5.771699999968405,14.881899998727022
510003,8,IIIXI,0110,23,IIIXI,1000,50,True,False,IIIII,IIIXI,50,True,False,IIIII,IIIXI,1000,50,True,False,IIIII,IIIXI,1000,50,True,False,IIIII,0,0,0,0,False,False,False,same_as_baseline,False,False,False,False,False,310.49924968944106,9.339500000351109,6.599099999220925,19.359599999006605
510003,9,XIIII,0001,23,XIIII,1000,50,True,False,IIIII,XIIII,50,True,False,IIIII,XIIII,1000,50,True,False,IIIII,XIIII,1000,50,True,False,IIIII,0,0,0,0,False,False,False,same_as_baseline,False,False,False,False,False,313.06307577639757,7.680400000026566,4.315399999541114,16.84410000052594
510003,10,IIXII,1100,23,IIXII,1000,50,True,False,IIIII,IIXII,50,True,False,IIIII,IIXII,1000,50,True,False,IIIII,IIXII,1000,50,True,False,IIIII,0,0,0,0,False,False,False,same_as_baseline,False,False,False,False,False,311.0120149068324,5.771000000095228,4.346100000475417,13.642600000821403
510003,11,YIIII,1011,23,YIIII,1000,50,True,False,IIIII,YIIII,50,True,False,IIIII,YIIII,1000,50,True,False,IIIII,YIIII,1000,50,True,False,IIIII,0,0,0,0,False,False,False,same_as_baseline,False,False,False,False,False,310.24286708074544,5.511100000148872,5.211199999394012,14.27750000038941
510003,12,YIIII,1011,23,YIIII,1000,50,True,False,IIIII,YIIII,50,True,False,IIIII,YIIII,1000,50,True,False,IIIII,YIIII,1000,50,True,False,IIIII,0,0,0,0,False,False,False,same_as_baseline,False,False,False,False,False,294.60352795031065,4.396899999846937,3.8306000005832175,10.576900000160094
510003,13,IXIII,1000,23,IXIII,1000,50,True,False,IIIII,IXIII,50,True,False,IIIII,IXIII,1000,50,True,False,IIIII,IXIII,1000,50,True,False,IIIII,0,0,0,0,False,False,False,same_as_baseline,False,False,False,False,False,310.88382360248454,3.8645999993605074,4.093300000022282,9.94150000042282
510003,14,YIIII,1011,23,YIIII,1000,50,True,False,IIIII,YIIII,50,True,False,IIIII,YIIII,1000,50,True,False,IIIII,YIIII,1000,50,True,False,IIIII,0,0,0,0,False,False,False,same_as_baseline,False,False,False,False,False,310.1146757763976,4.407899999932852,3.794000000198139,10.374400000728201
510003,15,IIIIY,0111,23,IIIIY,967,50,True,False,IIIII,IIIIY,50,True,False,IIIII,IIIIY,967,50,True,False,IIIII,IIIIY,967,50,True,False,IIIII,0,0,0,0,False,False,False,same_as_baseline,False,False,False,False,False,304.8341801242236,4.287400000976049,4.375099999379017,11.44870000098308
510003,16,IIIIX,0011,23,IIIIX,974,50,True,False,IIIII,IIIIX,50,True,False,IIIII,IIIIX,974,50,True,False,IIIII,IIIIX,974,50,True,False,IIIII,0,0,0,0,False,False,False,same_as_baseline,False,False,False,False,False,306.6962409937888,4.223199999614735,5.244800000582472,12.045600000419654
510003,17,IIZII,0010,23,IIZII,1000,50,True,False,IIIII,IIZII,50,True,False,IIIII,IIZII,1000,50,True,False,IIIII,IIZII,1000,50,True,False,IIIII,0,0,0,0,False,False,False,same_as_baseline,False,False,False,False,False,294.60352795031065,5.9469000007084105,3.5600999999587657,11.703599999236758
510003,18,IIIYI,1111,23,IIIYI,953,50,True,False,IIIII,IIIYI,50,True,False,IIIII,IIIYI,953,50,True,False,IIIII,IIIYI,953,50,True,False,IIIII,0,0,0,0,False,False,False,same_as_baseline,False,False,False,False,False,303.1611192546584,7.24870000158262,3.6664999988715863,13.604199999463162
510003,19,IIIZI,1001,23,IIIZI,1000,50,True,False,IIIII,IIIZI,50,True,False,IIIII,IIIZI,1000,50,True,False,IIIII,IIIZI,1000,50,True,False,IIIII,0,0,0,0,False,False,False,same_as_baseline,False,False,False,False,False,313.44764968944105,3.582200000892044,5.058999999164371,12.927599998874939
510003,20,IYIII,1101,23,IYIII,1000,50,True,False,IIIII,IYIII,50,True,False,IIIII,IYIII,1000,50,True,False,IIIII,IYIII,1000,50,True,False,IIIII,0,0,0,0,False,False,False,same_as_baseline,False,False,False,False,False,312.037545341615,4.2167999999946915,4.736799999591312,10.917499999777647
510003,21,IIXII,1100,23,IIXII,998,50,True,False,IIIII,IIXII,50,True,False,IIIII,IIXII,998,50,True,False,IIIII,IIXII,998,50,True,False,IIIII,0,0,0,0,False,False,False,same_as_baseline,False,False,False,False,False,310.3151801242236,4.564900000332273,3.5606000001280336,10.119700000359444
510003,22,ZIIII,1010,23,ZIIII,1000,50,True,False,IIIII,ZIIII,50,True,False,IIIII,ZIIII,1000,50,True,False,IIIII,ZIIII,1000,50,True,False,IIIII,0,0,0,0,False,False,False,same_as_baseline,False,False,False,False,False,311.14020621118016,4.065600000103586,3.825699999651988,11.746299998776522
510003,23,IIIIZ,0100,23,IIIIZ,989,50,True,False,IIIII,IIIIZ,50,True,False,IIIII,IIIIZ,989,50,True,False,IIIII,IIIIZ,989,50,True,False,IIIII,0,0,0,0,False,False,False,same_as_baseline,False,False,False,False,False,308.65362360248446,3.8296999991871417,3.652999999758322,9.517700000287732
510003,24,IIIZI,1001,23,XXIII,1000,220,False,True,XXIZI,IIIZI,50,True,False,IIIII,IIIZI,997,50,True,False,IIIII,IIIZI,997,50,True,False,IIIII,170,170,1,1,True,True,False,accept_guarded_override,False,False,True,True,False,294.1351366459628,4.389800000353716,3.5195000000385335,9.913500000038766
510003,25,IIIIY,0111,23,IIIIY,992,50,True,False,IIIII,IIIIY,50,True,False,IIIII,IIIIY,992,50,True,False,IIIII,IIIIY,992,50,True,False,IIIII,0,0,0,0,False,False,False,same_as_baseline,False,False,False,False,False,310.66031055900623,3.5136000005877577,4.6351000000868225,10.04800000009709
510003,26,IIIZI,1001,23,IIIZI,1000,50,True,False,IIIII,IIIZI,50,True,False,IIIII,IIIZI,1000,50,True,False,IIIII,IIIZI,1000,50,True,False,IIIII,0,0,0,0,False,False,False,same_as_baseline,False,False,False,False,False,312.5503105590062,4.019199999675038,3.538499999194755,9.365100000650273
510003,27,IIIZI,1001,23,IIIZI,1000,50,True,False,IIIII,IIIZI,50,True,False,IIIII,IIIZI,1000,50,True,False,IIIII,IIIZI,1000,50,True,False,IIIII,0,0,0,0,False,False,False,same_as_baseline,False,False,False,False,False,294.60352795031065,4.023600000437,4.0258999997604406,11.497899999085348
510003,28,IIIZI,1001,23,IIYIY,1000,220,False,True,IIYZY,IIIZI,50,True,False,IIIII,IIIZI,992,50,True,False,IIIII,IIIZI,992,50,True,False,IIIII,170,170,1,1,True,True,False,accept_guarded_override,False,False,True,True,False,293.35448447204976,5.4812999987916555,4.668800000217743,12.342300000454998
510003,29,ZIIII,1010,23,ZIIII,1000,50,True,False,IIIII,ZIIII,50,True,False,IIIII,ZIIII,1000,50,True,False,IIIII,ZIIII,1000,50,True,False,IIIII,0,0,0,0,False,False,False,same_as_baseline,False,False,False,False,False,311.52478012422364,5.050499999924796,3.746500000488595,10.726300000897027
510003,30,ZIIII,1010,23,ZIIII,951,50,True,False,IIIII,ZIIII,50,True,False,IIIII,ZIIII,951,50,True,False,IIIII,ZIIII,951,50,True,False,IIIII,0,0,0,0,False,False,False,same_as_baseline,False,False,False,False,False,305.54087577639757,5.77530000009574,3.8391999987652525,12.698200000158977
510003,31,IXIII,1000,23,IXIII,982,50,True,False,IIIII,IXIII,50,True,False,IIIII,IXIII,982,50,True,False,IIIII,IXIII,982,50,True,False,IIIII,0,0,0,0,False,False,False,same_as_baseline,False,False,False,False,False,308.0734757763976,3.8165000005392358,4.980499999874155,10.894099999859463
510003,32,IZIII,0101,23,IZIII,1000,50,True,False,IIIII,IZIII,50,True,False,IIIII,IZIII,1000,50,True,False,IIIII,IZIII,1000,50,True,False,IIIII,0,0,0,0,False,False,False,same_as_baseline,False,False,False,False,False,294.7317192546584,4.284700000425801,3.5690999993676087,9.960499999579042
510003,33,IIIXI,0110,23,ZIXII,1000,220,False,True,ZIXXI,IIIXI,50,True,False,IIIII,IIIXI,981,50,True,False,IIIII,IIIXI,981,50,True,False,IIIII,170,170,1,1,True,True,False,accept_guarded_override,False,False,True,True,False,291.637049689441,5.79470000047877,3.7200999995548045,11.899799999810057
510003,34,IIZII,0010,23,IIZII,1000,50,True,False,IIIII,IIZII,50,True,False,IIIII,IIZII,1000,50,True,False,IIIII,IIZII,1000,50,True,False,IIIII,0,0,0,0,False,False,False,same_as_baseline,False,False,False,False,False,311.268397515528,4.167200000665616,4.2942000000039116,10.470499999428284
510003,35,IIYII,1110,23,IIYII,1000,50,True,False,IIIII,IIYII,50,True,False,IIIII,IIYII,1000,50,True,False,IIIII,IIYII,1000,50,True,False,IIIII,0,0,0,0,False,False,False,same_as_baseline,False,False,False,False,False,310.3710583850932,4.46870000087074,4.2661000006773975,10.871599999518367
510003,36,IIZII,0010,23,IIZII,947,50,True,False,IIIII,IIZII,50,True,False,IIIII,IIZII,947,50,True,False,IIIII,IIZII,947,50,True,False,IIIII,0,0,0,0,False,False,False,same_as_baseline,False,False,False,False,False,303.1216757763974,5.948799998805043,3.532999999151798,11.717200000930461
510003,37,ZIIII,1010,23,ZIIII,1000,50,True,False,IIIII,ZIIII,50,True,False,IIIII,ZIIII,1000,50,True,False,IIIII,ZIIII,1000,50,True,False,IIIII,0,0,0,0,False,False,False,same_as_baseline,False,False,False,False,False,312.16573664596274,3.4791999987646705,4.4059000010747695,9.730699999636272
510003,38,XIIII,0001,23,XIIII,1000,50,True,False,IIIII,XIIII,50,True,False,IIIII,XIIII,1000,50,True,False,IIIII,XIIII,1000,50,True,False,IIIII,0,0,0,0,False,False,False,same_as_baseline,False,False,False,False,False,311.52478012422364,4.32369999907678,3.499500000543776,9.603399999832618
510003,39,YIIII,1011,23,YIIII,994,50,True,False,IIIII,YIIII,50,True,False,IIIII,YIIII,994,50,True,False,IIIII,YIIII,994,50,True,False,IIIII,0,0,0,0,False,False,False,same_as_baseline,False,False,False,False,False,309.69065838509323,3.369199999724515,4.0907999991759425,11.215399999855435
510004,0,IIYII,1110,23,IIYII,967,50,True,False,IIIII,IIYII,50,True,False,IIIII,IIYII,967,50,True,False,IIIII,IIYII,967,50,True,False,IIIII,0,0,0,0,False,False,False,same_as_baseline,False,False,False,False,False,305.73151925465845,3.5756999986915616,4.414099999848986,9.901299999910407
510004,1,IIIXI,0110,23,IIIXI,1000,50,True,False,IIIII,IIIXI,50,True,False,IIIII,IIIXI,1000,50,True,False,IIIII,IIIXI,1000,50,True,False,IIIII,0,0,0,0,False,False,False,same_as_baseline,False,False,False,False,False,311.3965888198758,4.421999999976833,3.509000000121887,9.707300001537078
510004,2,XIIII,0001,23,XIIII,1000,50,True,False,IIIII,XIIII,50,True,False,IIIII,XIIII,1000,50,True,False,IIIII,XIIII,1000,50,True,False,IIIII,0,0,0,0,False,False,False,same_as_baseline,False,False,False,False,False,312.6785018633541,3.412100000787177,4.199099999823375,10.992800000167335
510004,3,IIIIY,0111,23,IIIIY,985,50,True,False,IIIII,IIIIY,50,True,False,IIIII,IIIIY,985,50,True,False,IIIII,IIIIY,985,50,True,False,IIIII,0,0,0,0,False,False,False,same_as_baseline,False,False,False,False,False,308.5418670807453,3.89050000012503,3.487600000880775,9.129800000664545
510004,4,IIIYI,1111,23,IIIYI,1000,50,True,False,IIIII,IIIYI,50,True,False,IIIII,IIIYI,1000,50,True,False,IIIII,IIIYI,1000,50,True,False,IIIII,0,0,0,0,False,False,False,same_as_baseline,False,False,False,False,False,310.88382360248454,6.274100000155158,3.52750000092783,11.861699998917175
510004,5,IIYII,1110,23,IIYII,947,50,True,False,IIIII,IIYII,50,True,False,IIIII,IIYII,947,50,True,False,IIIII,IIYII,947,50,True,False,IIIII,0,0,0,0,False,False,False,same_as_baseline,False,False,False,False,False,307.3519888198757,3.4503999995649792,5.532199998924625,10.826100000485894
510004,6,XIIII,0001,23,XIIII,1000,50,True,False,IIIII,XIIII,50,True,False,IIIII,XIIII,1000,50,True,False,IIIII,XIIII,1000,50,True,False,IIIII,0,0,0,0,False,False,False,same_as_baseline,False,False,False,False,False,311.3965888198758,3.9902000007714378,3.481199999441742,9.282199998779106
510004,7,IIYII,1110,23,IIYII,1000,50,True,False,IIIII,IIYII,50,True,False,IIIII,IIYII,1000,50,True,False,IIIII,IIYII,1000,50,True,False,IIIII,0,0,0,0,False,False,False,same_as_baseline,False,False,False,False,False,313.83222360248453,6.565399999090005,4.017700000986224,12.680100000579841
510004,8,IZIII,0101,23,IZIII,1000,50,True,False,IIIII,IZIII,50,True,False,IIIII,IZIII,1000,50,True,False,IIIII,IZIII,1000,50,True,False,IIIII,0,0,0,0,False,False,False,same_as_baseline,False,False,False,False,False,311.6529714285715,3.521500000715605,3.9735999998811167,9.468400001424015
510004,9,ZIIII,1010,23,ZIIII,990,50,True,False,IIIII,ZIIII,50,True,False,IIIII,ZIIII,990,50,True,False,IIIII,ZIIII,990,50,True,False,IIIII,0,0,0,0,False,False,False,same_as_baseline,False,False,False,False,False,308.4251801242235,3.6973999995097984,3.490699999019853,8.999300000141375
510004,10,IIIZI,1001,23,IIIZI,1000,50,True,False,IIIII,IIIZI,50,True,False,IIIII,IIIZI,1000,50,True,False,IIIII,IIIZI,1000,50,True,False,IIIII,0,0,0,0,False,False,False,same_as_baseline,False,False,False,False,False,311.14020621118016,3.7687999993067933,3.515299998980481,9.747600000991952
510004,11,IIIIX,0011,23,IIIIX,1000,50,True,False,IIIII,IIIIX,50,True,False,IIIII,IIIIX,1000,50,True,False,IIIII,IIIIX,1000,50,True,False,IIIII,0,0,0,0,False,False,False,same_as_baseline,False,False,False,False,False,311.78116273291926,3.5009000002901303,3.6177999991195975,8.824400001685717
510004,12,IZIII,0101,23,IZIII,1000,50,True,False,IIIII,IZIII,50,True,False,IIIII,IZIII,1000,50,True,False,IIIII,IZIII,1000,50,True,False,IIIII,0,0,0,0,False,False,False,same_as_baseline,False,False,False,False,False,310.49924968944106,4.100000000107684,3.561999999874388,9.604999999282882
510004,13,IIIIX,0011,23,IIIIX,1000,50,True,False,IIIII,IIIIX,50,True,False,IIIII,IIIIX,1000,50,True,False,IIIII,IIIIX,1000,50,True,False,IIIII,0,0,0,0,False,False,False,same_as_baseline,False,False,False,False,False,310.1146757763976,3.510999998979969,3.501900000628666,8.914100000765757
510004,14,IIIZI,1001,23,IIIZI,1000,50,True,False,IIIII,IIIZI,50,True,False,IIIII,IIIZI,1000,50,True,False,IIIII,IIIZI,1000,50,True,False,IIIII,0,0,0,0,False,False,False,same_as_baseline,False,False,False,False,False,312.5503105590062,4.4524999993882375,4.547900000034133,11.161899999933667
510004,15,IIIIY,0111,23,IZIXZ,981,390,False,True,IZIXX,IIIIY,50,True,False,IIIII,IIIIY,969,50,True,False,IIIII,IIIIY,969,50,True,False,IIIII,340,340,1,1,True,True,False,accept_guarded_override,False,False,True,True,False,308.99218012422364,3.7802000006195158,4.082100000232458,9.691799999927753
510004,16,XIIII,0001,23,XIIII,969,50,True,False,IIIII,XIIII,50,True,False,IIIII,XIIII,969,50,True,False,IIIII,XIIII,969,50,True,False,IIIII,0,0,0,0,False,False,False,same_as_baseline,False,False,False,False,False,305.9155888198758,3.686500000185333,3.6520000012387754,9.226699999999255
510004,17,ZIIII,1010,23,ZIIII,965,50,True,False,IIIII,ZIIII,50,True,False,IIIII,ZIIII,965,50,True,False,IIIII,ZIIII,965,50,True,False,IIIII,0,0,0,0,False,False,False,same_as_baseline,False,False,False,False,False,308.62404099378875,4.4276999997237,3.7014999998064013,10.329299999284558
510004,18,IIZII,0010,23,IIZII,941,50,True,False,IIIII,IIZII,50,True,False,IIIII,IIZII,941,50,True,False,IIIII,IIZII,941,50,True,False,IIIII,0,0,0,0,False,False,False,same_as_baseline,False,False,False,False,False,302.3130844720497,4.059299999426003,3.575000000637374,9.500999998635962
510004,19,IYIII,1101,23,IYIII,1000,50,True,False,IIIII,IYIII,50,True,False,IIIII,IYIII,1000,50,True,False,IIIII,IYIII,1000,50,True,False,IIIII,0,0,0,0,False,False,False,same_as_baseline,False,False,False,False,False,294.60352795031065,4.101799999261857,3.5360000001674052,9.442099999432685
510004,20,IIXII,1100,23,IIXII,1000,50,True,False,IIIII,IIXII,50,True,False,IIIII,IIXII,1000,50,True,False,IIIII,IIXII,1000,50,True,False,IIIII,0,0,0,0,False,False,False,same_as_baseline,False,False,False,False,False,311.3965888198758,3.7355000004026806,4.220000000714208,9.755099999892991
510004,21,IIIIX,0011,23,IIIIX,1000,50,True,False,IIIII,IIIIX,50,True,False,IIIII,IIIIX,1000,50,True,False,IIIII,IIIIX,1000,50,True,False,IIIII,0,0,0,0,False,False,False,same_as_baseline,False,False,False,False,False,312.5503105590062,4.05990000035672,3.949800000555115,9.87650000024587
510004,22,YIIII,1011,23,YIIII,992,50,True,False,IIIII,YIIII,50,True,False,IIIII,YIIII,992,50,True,False,IIIII,YIIII,992,50,True,False,IIIII,0,0,0,0,False,False,False,same_as_baseline,False,False,False,False,False,308.99382360248455,3.570400000171503,3.757799999220879,10.510899999644607
510004,23,IIIZI,1001,23,IIIZI,943,50,True,False,IIIII,IIIZI,50,True,False,IIIII,IIIZI,943,50,True,False,IIIII,IIIZI,943,50,True,False,IIIII,0,0,0,0,False,False,False,same_as_baseline,False,False,False,False,False,301.2152409937888,3.9605999991181307,3.482999998595915,9.234799999831012
510004,24,IIIIX,0011,23,IIIIX,1000,50,True,False,IIIII,IIIIX,50,True,False,IIIII,IIIIX,1000,50,True,False,IIIII,IIIIX,1000,50,True,False,IIIII,0,0,0,0,False,False,False,same_as_baseline,False,False,False,False,False,311.6529714285715,4.254100000252947,3.8722000008419855,9.940699999788194
510004,25,YIIII,1011,23,YIIII,984,50,True,False,IIIII,YIIII,50,True,False,IIIII,YIIII,984,50,True,False,IIIII,YIIII,984,50,True,False,IIIII,0,0,0,0,False,False,False,same_as_baseline,False,False,False,False,False,308.38573664596277,3.578100000595441,3.6402000005182344,9.06340000074124
510004,26,YIIII,1011,23,YIIII,1000,50,True,False,IIIII,YIIII,50,True,False,IIIII,YIIII,1000,50,True,False,IIIII,YIIII,1000,50,True,False,IIIII,0,0,0,0,False,False,False,same_as_baseline,False,False,False,False,False,312.9348844720497,5.837099999553175,3.8926999986870214,12.401899999531452
510004,27,IIIIX,0011,23,IIIIX,991,50,True,False,IIIII,IIIIX,50,True,False,IIIII,IIIIX,991,50,True,False,IIIII,IIIIX,991,50,True,False,IIIII,0,0,0,0,False,False,False,same_as_baseline,False,False,False,False,False,308.8376931677019,4.239100000631879,3.864800000883406,11.133800000607152
510004,28,IIIZI,1001,23,IIIZI,929,50,True,False,IIIII,IIIZI,50,True,False,IIIII,IIIZI,929,50,True,False,IIIII,IIIZI,929,50,True,False,IIIII,0,0,0,0,False,False,False,same_as_baseline,False,False,False,False,False,301.59324099378887,3.8528000004589558,3.830200001175399,9.52569999935804
510004,29,IIIIZ,0100,23,IIIIZ,985,50,True,False,IIIII,IIIIZ,50,True,False,IIIII,IIIIZ,985,50,True,False,IIIII,IIIIZ,985,50,True,False,IIIII,0,0,0,0,False,False,False,same_as_baseline,False,False,False,False,False,307.77271925465834,5.535000000236323,3.5860000007232884,11.532599999554805
510004,30,ZIIII,1010,23,ZIIII,996,50,True,False,IIIII,ZIIII,50,True,False,IIIII,ZIIII,996,50,True,False,IIIII,ZIIII,996,50,True,False,IIIII,0,0,0,0,False,False,False,same_as_baseline,False,False,False,False,False,311.4130236024845,4.264100000000326,4.826300000786432,11.851499999465887
510004,31,IIIXI,0110,23,IIIXI,976,50,True,False,IIIII,IIIXI,50,True,False,IIIII,IIIXI,976,50,True,False,IIIII,IIIXI,976,50,True,False,IIIII,0,0,0,0,False,False,False,same_as_baseline,False,False,False,False,False,306.3675453416149,4.128200000195648,4.116300000532647,10.328399999707472
510004,32,IIIYI,1111,23,IIIYI,973,50,True,False,IIIII,IIIYI,50,True,False,IIIII,IIIYI,973,50,True,False,IIIII,IIIYI,973,50,True,False,IIIII,0,0,0,0,False,False,False,same_as_baseline,False,False,False,False,False,306.1555366459627,6.386999999449472,3.700199999002507,12.342600000920356
510004,33,IIIZI,1001,23,IIIZI,1000,50,True,False,IIIII,IIIZI,50,True,False,IIIII,IIIZI,1000,50,True,False,IIIII,IIIZI,1000,50,True,False,IIIII,0,0,0,0,False,False,False,same_as_baseline,False,False,False,False,False,310.3710583850932,4.617700000380864,4.117299999052193,11.791500000981614
510004,34,IIXII,1100,23,IIXII,1000,50,True,False,IIIII,IIXII,50,True,False,IIIII,IIXII,1000,50,True,False,IIIII,IIXII,1000,50,True,False,IIIII,0,0,0,0,False,False,False,same_as_baseline,False,False,False,False,False,309.9864844720497,4.15419999990263,3.871900000376627,10.061400000267895
510004,35,XIIII,0001,23,XIIII,1000,50,True,False,IIIII,XIIII,50,True,False,IIIII,XIIII,1000,50,True,False,IIIII,XIIII,1000,50,True,False,IIIII,0,0,0,0,False,False,False,same_as_baseline,False,False,False,False,False,311.6529714285715,4.866799999945215,3.8153000004967907,10.751699999673292
510004,36,IIIZI,1001,23,IIIZI,1000,50,True,False,IIIII,IIIZI,50,True,False,IIIII,IIIZI,1000,50,True,False,IIIII,IIIZI,1000,50,True,False,IIIII,0,0,0,0,False,False,False,same_as_baseline,False,False,False,False,False,310.6274409937889,4.52210000003106,4.176599999482278,11.774900000091293
510004,37,IIIIZ,0100,23,IIIIZ,978,50,True,False,IIIII,IIIIZ,50,True,False,IIIII,IIIIZ,978,50,True,False,IIIII,IIIIZ,978,50,True,False,IIIII,0,0,0,0,False,False,False,same_as_baseline,False,False,False,False,False,307.19257142857145,4.267400001481292,4.034399999000016,10.458299999299925
510004,38,IZIII,0101,23,IZIII,1000,50,True,False,IIIII,IZIII,50,True,False,IIIII,IZIII,1000,50,True,False,IIIII,IZIII,1000,50,True,False,IIIII,0,0,0,0,False,False,False,same_as_baseline,False,False,False,False,False,311.78116273291926,5.356199999368982,3.8401000001613284,11.576200000490644
510004,39,IYIII,1101,23,YIIXI,1000,220,False,True,YYIXI,IYIII,50,True,False,IIIII,IYIII,982,50,True,False,IIIII,IYIII,982,50,True,False,IIIII,170,170,1,1,True,True,False,accept_guarded_override,False,False,True,True,False,291.7931801242237,4.707900001449161,4.224899999826448,13.194699999075965
510005,0,IZIII,0101,23,IZIII,969,50,True,False,IIIII,IZIII,50,True,False,IIIII,IZIII,969,50,True,False,IIIII,IZIII,969,50,True,False,IIIII,0,0,0,0,False,False,False,same_as_baseline,False,False,False,False,False,307.8384583850932,6.274100000155158,4.0145000002667075,14.245200000004843
510005,1,IIIYI,1111,23,IIIYI,1000,50,True,False,IIIII,IIIYI,50,True,False,IIIII,IIIYI,1000,50,True,False,IIIII,IIIYI,1000,50,True,False,IIIII,0,0,0,0,False,False,False,same_as_baseline,False,False,False,False,False,309.9864844720497,4.231900000377209,4.9405999998271,12.007100000118953
510005,2,IIIIZ,0100,23,IIIIZ,1000,50,True,False,IIIII,IIIIZ,50,True,False,IIIII,IIIIZ,1000,50,True,False,IIIII,IIIIZ,1000,50,True,False,IIIII,0,0,0,0,False,False,False,same_as_baseline,False,False,False,False,False,310.3710583850932,4.3358999992051395,3.890200001478661,10.303300001396565
510005,3,XIIII,0001,23,XIIII,1000,50,True,False,IIIII,XIIII,50,True,False,IIIII,XIIII,1000,50,True,False,IIIII,XIIII,1000,50,True,False,IIIII,0,0,0,0,False,False,False,same_as_baseline,False,False,False,False,False,310.88382360248454,4.620900001100381,3.9038000013533747,11.352600000464008
510005,4,IYIII,1101,23,IIZYI,1000,220,False,True,IYZYI,IYIII,50,True,False,IIIII,IYIII,950,50,True,False,IIIII,IYIII,950,50,True,False,IIIII,170,170,1,1,True,True,False,accept_guarded_override,False,False,True,True,False,286.79700621118013,4.247099999702186,4.010000000562286,10.732400000051712
510005,5,IIIZI,1001,23,IIIZI,1000,50,True,False,IIIII,IIIZI,50,True,False,IIIII,IIIZI,1000,50,True,False,IIIII,IIIZI,1000,50,True,False,IIIII,0,0,0,0,False,False,False,same_as_baseline,False,False,False,False,False,312.9348844720497,4.590800001096795,3.9010000000416767,11.007099999915226
510005,6,IIIIY,0111,23,IIIIY,1000,50,True,False,IIIII,IIIIY,50,True,False,IIIII,IIIIY,1000,50,True,False,IIIII,IIIIY,1000,50,True,False,IIIII,0,0,0,0,False,False,False,same_as_baseline,False,False,False,False,False,310.6274409937889,4.9022000002878485,3.7885999990976416,11.782399998992332
510005,7,IIIIX,0011,23,IIIIX,1000,50,True,False,IIIII,IIIIX,50,True,False,IIIII,IIIIX,1000,50,True,False,IIIII,IIIIX,1000,50,True,False,IIIII,0,0,0,0,False,False,False,same_as_baseline,False,False,False,False,False,311.9093540372671,4.300000000512227,4.464999999981956,11.42729999992298
510005,8,IYIII,1101,23,ZIIIY,1000,220,False,True,ZYIIY,IYIII,50,True,False,IIIII,IYIII,968,50,True,False,IIIII,IYIII,968,50,True,False,IIIII,170,170,1,1,True,True,False,accept_guarded_override,False,False,True,True,False,289.6073540372671,4.644299999199575,3.816799999185605,10.90689999909955
510005,9,IIIIX,0011,23,IIIIX,1000,50,True,False,IIIII,IIIIX,50,True,False,IIIII,IIIIX,1000,50,True,False,IIIII,IIIIX,1000,50,True,False,IIIII,0,0,0,0,False,False,False,same_as_baseline,False,False,False,False,False,310.1146757763976,5.583999998634681,3.798899999310379,11.873299999933806
510005,10,IIIIY,0111,23,IIIIY,998,50,True,False,IIIII,IIIIY,50,True,False,IIIII,IIIIY,998,50,True,False,IIIII,IIIIY,998,50,True,False,IIIII,0,0,0,0,False,False,False,same_as_baseline,False,False,False,False,False,311.5970931677018,4.121399999348796,4.060499999468448,12.367900000754162
510005,11,IIIYI,1111,23,IIIYI,1000,50,True,False,IIIII,IIIYI,50,True,False,IIIII,IIIYI,1000,50,True,False,IIIII,IIIYI,1000,50,True,False,IIIII,0,0,0,0,False,False,False,same_as_baseline,False,False,False,False,False,310.1146757763976,4.1596999999455875,4.213000000163447,10.684900000342168
510005,12,YIIII,1011,23,YIIII,1000,50,True,False,IIIII,YIIII,50,True,False,IIIII,YIIII,1000,50,True,False,IIIII,YIIII,1000,50,True,False,IIIII,0,0,0,0,False,False,False,same_as_baseline,False,False,False,False,False,311.268397515528,4.346800000348594,3.807099999903585,10.254499999064137
510005,13,IYIII,1101,23,IYIII,981,50,True,False,IIIII,IYIII,50,True,False,IIIII,IYIII,981,50,True,False,IIIII,IYIII,981,50,True,False,IIIII,0,0,0,0,False,False,False,same_as_baseline,False,False,False,False,False,308.81468447204963,4.073300000527524,4.272300000593532,11.59199999892735
510005,14,IIIYI,1111,23,IIIYI,966,50,True,False,IIIII,IIIYI,50,True,False,IIIII,IIIYI,966,50,True,False,IIIII,IIIYI,966,50,True,False,IIIII,0,0,0,0,False,False,False,same_as_baseline,False,False,False,False,False,305.44719751552793,4.196300000330666,4.4976999997743405,10.924799998974777
510005,15,ZIIII,1010,23,ZIIII,948,50,True,False,IIIII,ZIIII,50,True,False,IIIII,ZIIII,948,50,True,False,IIIII,ZIIII,948,50,True,False,IIIII,0,0,0,0,False,False,False,same_as_baseline,False,False,False,False,False,309.17460621118016,4.245599999194383,3.8076000000728527,10.141200000362005
510005,16,IZIII,0101,23,IZIII,939,50,True,False,IIIII,IZIII,50,True,False,IIIII,IZIII,939,50,True,False,IIIII,IZIII,939,50,True,False,IIIII,0,0,0,0,False,False,False,same_as_baseline,False,False,False,False,False,300.9752931677019,4.059699998833821,3.84940000003553,10.941500000626547
510005,17,IZIII,0101,23,IZIII,1000,50,True,False,IIIII,IZIII,50,True,False,IIIII,IZIII,1000,50,True,False,IIIII,IZIII,1000,50,True,False,IIIII,0,0,0,0,False,False,False,same_as_baseline,False,False,False,False,False,310.3710583850932,4.100600001038401,4.04290000005858,10.218999999779044
510005,18,ZIIII,1010,23,ZIIII,966,50,True,False,IIIII,ZIIII,50,True,False,IIIII,ZIIII,966,50,True,False,IIIII,ZIIII,966,50,True,False,IIIII,0,0,0,0,False,False,False,same_as_baseline,False,False,False,False,False,307.4982583850932,4.724200000055134,3.807700000834302,10.62629999978526
510005,19,IIIYI,1111,23,IIIYI,1000,50,True,False,IIIII,IIIYI,50,True,False,IIIII,IIIYI,1000,50,True,False,IIIII,IIIYI,1000,50,True,False,IIIII,0,0,0,0,False,False,False,same_as_baseline,False,False,False,False,False,294.85991055900627,4.309699999794248,4.678600000261213,11.527499998919666
510005,20,IIIIX,0011,23,IIIIX,1000,50,True,False,IIIII,IIIIX,50,True,False,IIIII,IIIIX,1000,50,True,False,IIIII,IIIIX,1000,50,True,False,IIIII,0,0,0,0,False,False,False,same_as_baseline,False,False,False,False,False,311.3965888198758,9.512099999483326,17.371099998854334,35.82450000067183
510005,21,IIIIY,0111,23,IIIIY,1000,50,True,False,IIIII,IIIIY,50,True,False,IIIII,IIIIY,1000,50,True,False,IIIII,IIIIY,1000,50,True,False,IIIII,0,0,0,0,False,False,False,same_as_baseline,False,False,False,False,False,312.42211925465847,20.285900000089896,13.116399999489659,43.90940000121191
510005,22,IIIYI,1111,23,IIIYI,1000,50,True,False,IIIII,IIIYI,50,True,False,IIIII,IIIYI,1000,50,True,False,IIIII,IIIYI,1000,50,True,False,IIIII,0,0,0,0,False,False,False,same_as_baseline,False,False,False,False,False,310.6274409937889,13.327000000572298,10.878699999011587,31.0126999993372
510005,23,IIXII,1100,23,IIXII,951,50,True,False,IIIII,IIXII,50,True,False,IIIII,IIXII,951,50,True,False,IIIII,IIXII,951,50,True,False,IIIII,0,0,0,0,False,False,False,same_as_baseline,False,False,False,False,False,302.72066708074533,11.858399999255198,27.776599999924656,49.99070000121719
510005,24,XIIII,0001,23,YZIYI,979,390,False,True,ZZIYI,XIIII,50,True,False,IIIII,XIIII,944,50,True,False,IIIII,XIIII,944,50,True,False,IIIII,340,340,1,1,True,True,False,accept_guarded_override,False,False,True,True,False,302.14051925465844,11.955299998589908,11.728100000254926,30.201300000044284
510005,25,IIIIZ,0100,23,IIIIZ,1000,50,True,False,IIIII,IIIIZ,50,True,False,IIIII,IIIIZ,1000,50,True,False,IIIII,IIIIZ,1000,50,True,False,IIIII,0,0,0,0,False,False,False,same_as_baseline,False,False,False,False,False,311.268397515528,12.64630000150646,11.812599999757367,30.058800000915653
510005,26,XIIII,0001,23,XIIII,1000,50,True,False,IIIII,XIIII,50,True,False,IIIII,XIIII,1000,50,True,False,IIIII,XIIII,1000,50,True,False,IIIII,0,0,0,0,False,False,False,same_as_baseline,False,False,False,False,False,309.9864844720497,11.601399999563,11.530200001288904,31.91530000003695
510005,27,IXIII,1000,23,IXIII,1000,50,True,False,IIIII,IXIII,50,True,False,IIIII,IXIII,1000,50,True,False,IIIII,IXIII,1000,50,True,False,IIIII,0,0,0,0,False,False,False,same_as_baseline,False,False,False,False,False,310.1146757763976,25.153599999612197,13.00470000023779,48.8377000001492
510005,28,XIIII,0001,23,XIIII,989,50,True,False,IIIII,XIIII,50,True,False,IIIII,XIIII,989,50,True,False,IIIII,XIIII,989,50,True,False,IIIII,0,0,0,0,False,False,False,same_as_baseline,False,False,False,False,False,308.39724099378884,10.405099999843515,9.568800000124611,26.434200000949204
510005,29,YIIII,1011,23,YIIII,948,50,True,False,IIIII,YIIII,50,True,False,IIIII,YIIII,948,50,True,False,IIIII,YIIII,948,50,True,False,IIIII,0,0,0,0,False,False,False,same_as_baseline,False,False,False,False,False,303.02142360248445,10.26109999838809,9.664799999882234,25.74060000006284
510005,30,IIIYI,1111,23,IIIYI,1000,50,True,False,IIIII,IIIYI,50,True,False,IIIII,IIIYI,1000,50,True,False,IIIII,IIIYI,1000,50,True,False,IIIII,0,0,0,0,False,False,False,same_as_baseline,False,False,False,False,False,310.6274409937889,10.147999999389867,9.27649999903224,25.05829999972775
510005,31,IIYII,1110,23,IIYII,951,50,True,False,IIIII,IIYII,50,True,False,IIIII,IIYII,951,50,True,False,IIIII,IIYII,951,50,True,False,IIIII,0,0,0,0,False,False,False,same_as_baseline,False,False,False,False,False,304.00258012422364,10.990599999786355,13.283399999636458,29.658699999345117
510005,32,IIXII,1100,23,IIXII,1000,50,True,False,IIIII,IIXII,50,True,False,IIIII,IIXII,1000,50,True,False,IIIII,IIXII,1000,50,True,False,IIIII,0,0,0,0,False,False,False,same_as_baseline,False,False,False,False,False,313.44764968944105,15.210699999443023,15.914300000076764,39.4613999997091
510005,33,YIIII,1011,23,YIIII,953,50,True,False,IIIII,YIIII,50,True,False,IIIII,YIIII,953,50,True,False,IIIII,YIIII,953,50,True,False,IIIII,0,0,0,0,False,False,False,same_as_baseline,False,False,False,False,False,303.28931055900625,14.408700000785757,12.402000000292901,35.95839999979944
510005,34,XIIII,0001,23,XIIII,970,50,True,False,IIIII,XIIII,50,True,False,IIIII,XIIII,970,50,True,False,IIIII,XIIII,970,50,True,False,IIIII,0,0,0,0,False,False,False,same_as_baseline,False,False,False,False,False,309.0201192546583,12.412300000505638,14.595799999369774,34.623699999428936
510005,35,IIIYI,1111,23,IIIYI,981,50,True,False,IIIII,IIIYI,50,True,False,IIIII,IIIYI,981,50,True,False,IIIII,IIIYI,981,50,True,False,IIIII,0,0,0,0,False,False,False,same_as_baseline,False,False,False,False,False,312.5322322981366,13.141499999619555,11.113200000181678,32.2954999992362
510005,36,IIIXI,0110,23,IIIXI,980,50,True,False,IIIII,IIIXI,50,True,False,IIIII,IIIXI,980,50,True,False,IIIII,IIIXI,980,50,True,False,IIIII,0,0,0,0,False,False,False,same_as_baseline,False,False,False,False,False,307.76121490683227,14.370500000950415,9.540500001094188,30.025600000954
510005,37,IIIYI,1111,23,IIIYI,1000,50,True,False,IIIII,IIIYI,50,True,False,IIIII,IIIYI,1000,50,True,False,IIIII,IIIYI,1000,50,True,False,IIIII,0,0,0,0,False,False,False,same_as_baseline,False,False,False,False,False,310.24286708074544,11.131700000987621,9.535700000924408,25.812199999563745
510005,38,XIIII,0001,23,XIIII,972,50,True,False,IIIII,XIIII,50,True,False,IIIII,XIIII,972,50,True,False,IIIII,XIIII,972,50,True,False,IIIII,0,0,0,0,False,False,False,same_as_baseline,False,False,False,False,False,307.92227577639756,14.6984999992128,13.270300001750002,35.787400000117486
510005,39,IZIII,0101,23,IZIII,982,50,True,False,IIIII,IZIII,50,True,False,IIIII,IZIII,982,50,True,False,IIIII,IZIII,982,50,True,False,IIIII,0,0,0,0,False,False,False,same_as_baseline,False,False,False,False,False,307.5607105590062,14.268599999923026,9.708499999760534,29.426299999613548
510006,0,IIIZI,1001,23,IIIZI,997,50,True,False,IIIII,IIIZI,50,True,False,IIIII,IIIZI,997,50,True,False,IIIII,IIIZI,997,50,True,False,IIIII,0,0,0,0,False,False,False,same_as_baseline,False,False,False,False,False,311.3127714285714,9.988799998609466,12.445399999705842,27.836799999931827
510006,1,IZIII,0101,23,IZIII,989,50,True,False,IIIII,IZIII,50,True,False,IIIII,IZIII,989,50,True,False,IIIII,IZIII,989,50,True,False,IIIII,0,0,0,0,False,False,False,same_as_baseline,False,False,False,False,False,309.03819751552794,14.150500001051114,15.957500001604785,36.77170000082697
510006,2,IIIXI,0110,23,IIIXI,1000,50,True,False,IIIII,IIIXI,50,True,False,IIIII,IIIXI,1000,50,True,False,IIIII,IIIXI,1000,50,True,False,IIIII,0,0,0,0,False,False,False,same_as_baseline,False,False,False,False,False,294.60352795031065,16.241300001638592,11.777000001529814,36.65910000017902
510006,3,YIIII,1011,23,YIIII,1000,50,True,False,IIIII,YIIII,50,True,False,IIIII,YIIII,1000,50,True,False,IIIII,YIIII,1000,50,True,False,IIIII,0,0,0,0,False,False,False,same_as_baseline,False,False,False,False,False,296.7827801242237,11.260799999945448,9.866099999271682,26.70589999979711
510006,4,ZIIII,1010,23,ZIIII,1000,50,True,False,IIIII,ZIIII,50,True,False,IIIII,ZIIII,1000,50,True,False,IIIII,ZIIII,1000,50,True,False,IIIII,0,0,0,0,False,False,False,same_as_baseline,False,False,False,False,False,294.7317192546584,10.4351999998471,10.054700000182493,25.8135999993101
510006,5,IIIIY,0111,23,IIIIY,998,50,True,False,IIIII,IIIIY,50,True,False,IIIII,IIIIY,998,50,True,False,IIIII,IIIIY,998,50,True,False,IIIII,0,0,0,0,False,False,False,same_as_baseline,False,False,False,False,False,314.0327279503106,13.86360000105924,9.920500000589527,29.250700001284713
510006,6,IIXII,1100,23,ZIIXI,981,220,False,True,ZIXXI,IIXII,50,True,False,IIIII,IIXII,965,50,True,False,IIIII,IIXII,965,50,True,False,IIIII,170,170,1,1,True,True,False,accept_guarded_override,False,False,True,True,False,291.5745975155279,10.250400000586524,10.319499999241089,25.931399999535643
510006,7,IZIII,0101,23,IZIII,982,50,True,False,IIIII,IZIII,50,True,False,IIIII,IZIII,982,50,True,False,IIIII,IZIII,982,50,True,False,IIIII,0,0,0,0,False,False,False,same_as_baseline,False,False,False,False,False,308.9708149068323,9.846099999776925,10.002999999414897,25.04380000027595
510006,8,IIYII,1110,23,IIYII,981,50,True,False,IIIII,IIYII,50,True,False,IIIII,IIYII,981,50,True,False,IIIII,IIYII,981,50,True,False,IIIII,0,0,0,0,False,False,False,same_as_baseline,False,False,False,False,False,309.327449689441,9.501700000328128,9.299899998950423,24.17769999919983
510006,9,IIXII,1100,23,IIXII,960,50,True,False,IIIII,IIXII,50,True,False,IIIII,IIXII,960,50,True,False,IIIII,IIXII,960,50,True,False,IIIII,0,0,0,0,False,False,False,same_as_baseline,False,False,False,False,False,303.86945838509314,10.11819999985164,10.300500000084867,25.511499999993248
510006,10,ZIIII,1010,23,ZIIII,955,50,True,False,IIIII,ZIIII,50,True,False,IIIII,ZIIII,955,50,True,False,IIIII,ZIIII,955,50,True,False,IIIII,0,0,0,0,False,False,False,same_as_baseline,False,False,False,False,False,307.7036931677019,10.556600000199978,10.016099999120343,27.661199999784003
510006,11,IIXII,1100,23,IIXII,990,50,True,False,IIIII,IIXII,50,True,False,IIIII,IIXII,990,50,True,False,IIIII,IIXII,990,50,True,False,IIIII,0,0,0,0,False,False,False,same_as_baseline,False,False,False,False,False,309.1943279503105,9.715199999845936,9.3827999990026,24.651400000948342
510006,12,IZIII,0101,23,IZIII,1000,50,True,False,IIIII,IZIII,50,True,False,IIIII,IZIII,1000,50,True,False,IIIII,IZIII,1000,50,True,False,IIIII,0,0,0,0,False,False,False,same_as_baseline,False,False,False,False,False,311.9093540372671,9.99749999937194,9.88589999906253,25.56939999885799
510006,13,IIIXI,0110,23,IIIXI,962,50,True,False,IIIII,IIIXI,50,True,False,IIIII,IIIXI,962,50,True,False,IIIII,IIIXI,962,50,True,False,IIIII,0,0,0,0,False,False,False,same_as_baseline,False,False,False,False,False,305.46363229813664,13.136400000803405,12.838900000133435,33.45629999967059
510006,14,IIIYI,1111,23,IIIYI,1000,50,True,False,IIIII,IIIYI,50,True,False,IIIII,IIIYI,1000,50,True,False,IIIII,IIIYI,1000,50,True,False,IIIII,0,0,0,0,False,False,False,same_as_baseline,False,False,False,False,False,312.2939279503106,15.145499999562162,11.45619999988412,35.74119999939285
510006,15,IIIXI,0110,23,IIIXI,1000,50,True,False,IIIII,IIIXI,50,True,False,IIIII,IIIXI,1000,50,True,False,IIIII,IIIXI,1000,50,True,False,IIIII,0,0,0,0,False,False,False,same_as_baseline,False,False,False,False,False,311.0120149068324,16.448700000182725,18.67630000015197,44.062799999665
510006,16,IIIIX,0011,23,IIIIX,980,50,True,False,IIIII,IIIIX,50,True,False,IIIII,IIIIX,980,50,True,False,IIIII,IIIIX,980,50,True,False,IIIII,0,0,0,0,False,False,False,same_as_baseline,False,False,False,False,False,307.2484496894409,13.778499998807092,9.4093999996403,29.688900000110152
510006,17,XIIII,0001,23,XIIII,993,50,True,False,IIIII,XIIII,50,True,False,IIIII,XIIII,993,50,True,False,IIIII,XIIII,993,50,True,False,IIIII,0,0,0,0,False,False,False,same_as_baseline,False,False,False,False,False,309.4063366459627,10.924799998974777,10.34820000131731,27.613099999143742
510006,18,IXIII,1000,23,IXIII,1000,50,True,False,IIIII,IXIII,50,True,False,IIIII,IXIII,1000,50,True,False,IIIII,IXIII,1000,50,True,False,IIIII,0,0,0,0,False,False,False,same_as_baseline,False,False,False,False,False,310.3710583850932,10.659400000804453,10.027799999079434,26.271699998687836
510006,19,IIZII,0010,23,IIZII,941,50,True,False,IIIII,IIZII,50,True,False,IIIII,IIZII,941,50,True,False,IIIII,IIZII,941,50,True,False,IIIII,0,0,0,0,False,False,False,same_as_baseline,False,False,False,False,False,301.6721279503106,10.604900000544148,11.537800000951393,30.74170000036247
510006,20,IIXII,1100,23,IIXII,993,50,True,False,IIIII,IIXII,50,True,False,IIIII,IIXII,993,50,True,False,IIIII,IIXII,993,50,True,False,IIIII,0,0,0,0,False,False,False,same_as_baseline,False,False,False,False,False,310.0472931677018,30.186300000423216,16.59560000007332,55.46249999861175
510006,21,IIIXI,0110,23,IIIXI,995,50,True,False,IIIII,IIIXI,50,True,False,IIIII,IIIXI,995,50,True,False,IIIII,IIIXI,995,50,True,False,IIIII,0,0,0,0,False,False,False,same_as_baseline,False,False,False,False,False,310.6159366459626,20.38189999984752,11.642199999187142,40.24390000085987
510006,22,IXIII,1000,23,IXIII,1000,50,True,False,IIIII,IXIII,50,True,False,IIIII,IXIII,1000,50,True,False,IIIII,IXIII,1000,50,True,False,IIIII,0,0,0,0,False,False,False,same_as_baseline,False,False,False,False,False,310.24286708074544,9.71199999912642,8.040799999434967,23.415100000420352
510006,23,IYIII,1101,23,IYIII,974,50,True,False,IIIII,IYIII,50,True,False,IIIII,IYIII,974,50,True,False,IIIII,IYIII,974,50,True,False,IIIII,0,0,0,0,False,False,False,same_as_baseline,False,False,False,False,False,308.23453664596275,9.158799999568146,11.10069999958796,26.199399999313755
510006,24,IIIIY,0111,23,XIIXI,1000,220,False,True,XIIXY,IIIIY,50,True,False,IIIII,IIIIY,949,50,True,False,IIIII,IIIIY,949,50,True,False,IIIII,170,170,1,1,True,True,False,accept_guarded_override,False,False,True,True,False,286.6408757763976,11.385099998733494,11.283400001047994,29.393200000413344
510006,25,IIZII,0010,23,IIZII,1000,50,True,False,IIIII,IIZII,50,True,False,IIIII,IIZII,1000,50,True,False,IIIII,IIZII,1000,50,True,False,IIIII,0,0,0,0,False,False,False,same_as_baseline,False,False,False,False,False,310.1146757763976,12.493700000050012,10.269800000969553,28.638499999942724
510006,26,XIIII,0001,23,XIIII,1000,50,True,False,IIIII,XIIII,50,True,False,IIIII,XIIII,1000,50,True,False,IIIII,XIIII,1000,50,True,False,IIIII,0,0,0,0,False,False,False,same_as_baseline,False,False,False,False,False,312.16573664596274,10.542599999098456,9.553300000334275,25.720400000864174
510006,27,IZIII,0101,23,IZIII,953,50,True,False,IIIII,IZIII,50,True,False,IIIII,IZIII,953,50,True,False,IIIII,IZIII,953,50,True,False,IIIII,0,0,0,0,False,False,False,same_as_baseline,False,False,False,False,False,307.13504968944096,19.154400000843452,10.08919999912905,35.657100001117215
510006,28,IIXII,1100,23,IIXII,945,50,True,False,IIIII,IIXII,50,True,False,IIIII,IIXII,945,50,True,False,IIIII,IIXII,945,50,True,False,IIIII,0,0,0,0,False,False,False,same_as_baseline,False,False,False,False,False,301.9120757763975,10.313899998436682,9.356500000649248,25.59549999932642
510006,29,IIYII,1110,23,IIYII,1000,50,True,False,IIIII,IIYII,50,True,False,IIIII,IIYII,1000,50,True,False,IIIII,IIYII,1000,50,True,False,IIIII,0,0,0,0,False,False,False,same_as_baseline,False,False,False,False,False,311.52478012422364,10.852699999304605,9.635000000344007,26.165100000071106
510006,30,IIYII,1110,23,IIYII,995,50,True,False,IIIII,IIYII,50,True,False,IIIII,IIYII,995,50,True,False,IIIII,IIYII,995,50,True,False,IIIII,0,0,0,0,False,False,False,same_as_baseline,False,False,False,False,False,312.53880621118003,9.117699999478646,9.686600000350154,24.415799998678267
510006,31,IIYII,1110,23,IIYII,967,50,True,False,IIIII,IIYII,50,True,False,IIIII,IIYII,967,50,True,False,IIIII,IIYII,967,50,True,False,IIIII,0,0,0,0,False,False,False,same_as_baseline,False,False,False,False,False,309.705449689441,9.686199999123346,9.00519999959215,24.18760000000475
510006,32,IIIIX,0011,23,IIIIX,1000,50,True,False,IIIII,IIIIX,50,True,False,IIIII,IIIIX,1000,50,True,False,IIIII,IIIIX,1000,50,True,False,IIIII,0,0,0,0,False,False,False,same_as_baseline,False,False,False,False,False,310.6274409937889,9.410900000148104,9.56150000092748,24.35169999989739
510006,33,IIIZI,1001,23,IIIZI,997,50,True,False,IIIII,IIIZI,50,True,False,IIIII,IIIZI,997,50,True,False,IIIII,IIIZI,997,50,True,False,IIIII,0,0,0,0,False,False,False,same_as_baseline,False,False,False,False,False,311.6973453416149,12.478200000259676,13.659000000188826,32.31229999983043
510006,34,IIIYI,1111,23,IIIYI,989,50,True,False,IIIII,IIIYI,50,True,False,IIIII,IIIYI,989,50,True,False,IIIII,IIIYI,989,50,True,False,IIIII,0,0,0,0,False,False,False,same_as_baseline,False,False,False,False,False,310.57649316770187,10.4762999999366,13.411899999482557,31.31759999996575
510006,35,YIIII,1011,23,IYIXI,1000,220,False,True,YYIXI,YIIII,50,True,False,IIIII,YIIII,957,50,True,False,IIIII,YIIII,957,50,True,False,IIIII,170,170,1,1,True,True,False,accept_guarded_override,False,False,True,True,False,287.88991925465837,14.311599999928148,12.599600000612554,34.57630000048084
510006,36,YIIII,1011,23,YIIII,1000,50,True,False,IIIII,YIIII,50,True,False,IIIII,YIIII,1000,50,True,False,IIIII,YIIII,1000,50,True,False,IIIII,0,0,0,0,False,False,False,same_as_baseline,False,False,False,False,False,310.88382360248454,13.286100000186707,12.175800000477466,32.006099998397985
510006,37,IYIII,1101,23,IYIII,1000,50,True,False,IIIII,IYIII,50,True,False,IIIII,IYIII,1000,50,True,False,IIIII,IYIII,1000,50,True,False,IIIII,0,0,0,0,False,False,False,same_as_baseline,False,False,False,False,False,310.1146757763976,11.210900000151014,9.66100000005099,26.21729999918898
510006,38,IIIIZ,0100,23,IIIIZ,1000,50,True,False,IIIII,IIIIZ,50,True,False,IIIII,IIIIZ,1000,50,True,False,IIIII,IIIIZ,1000,50,True,False,IIIII,0,0,0,0,False,False,False,same_as_baseline,False,False,False,False,False,311.6529714285715,10.007899998527137,10.107699999934994,26.337199999034056
510006,39,IIZII,0010,23,IIZII,1000,50,True,False,IIIII,IIZII,50,True,False,IIIII,IIZII,1000,50,True,False,IIIII,IIZII,1000,50,True,False,IIIII,0,0,0,0,False,False,False,same_as_baseline,False,False,False,False,False,294.60352795031065,12.023299999782466,8.917799999835552,27.618899999652058
510007,0,IIIXI,0110,23,IIIXI,946,50,True,False,IIIII,IIIXI,50,True,False,IIIII,IIIXI,946,50,True,False,IIIII,IIIXI,946,50,True,False,IIIII,0,0,0,0,False,False,False,same_as_baseline,False,False,False,False,False,301.6836322981367,9.486400000241701,10.830400000486406,27.070800000728923
510007,1,IIIYI,1111,23,IIIYI,1000,50,True,False,IIIII,IIIYI,50,True,False,IIIII,IIIYI,1000,50,True,False,IIIII,IIIYI,1000,50,True,False,IIIII,0,0,0,0,False,False,False,same_as_baseline,False,False,False,False,False,310.1146757763976,11.782199999288423,9.633199999370845,28.033200000209035
510007,2,IIIZI,1001,23,IIIZI,966,50,True,False,IIIII,IIIZI,50,True,False,IIIII,IIIZI,966,50,True,False,IIIII,IIIZI,966,50,True,False,IIIII,0,0,0,0,False,False,False,same_as_baseline,False,False,False,False,False,305.1908149068323,12.280599999940023,10.099999999511056,28.458700000555837
510007,3,XIIII,0001,23,XIIII,966,50,True,False,IIIII,XIIII,50,True,False,IIIII,XIIII,966,50,True,False,IIIII,XIIII,966,50,True,False,IIIII,0,0,0,0,False,False,False,same_as_baseline,False,False,False,False,False,304.9344322981367,10.19790000100329,9.446100000786828,26.13759999985632
510007,4,IIZII,0010,23,IIZII,1000,50,True,False,IIIII,IIZII,50,True,False,IIIII,IIZII,1000,50,True,False,IIIII,IIZII,1000,50,True,False,IIIII,0,0,0,0,False,False,False,same_as_baseline,False,False,False,False,False,313.44764968944105,11.726400000043213,8.46580000143149,26.40179999980319
510007,5,IXIII,1000,23,IXIII,1000,50,True,False,IIIII,IXIII,50,True,False,IIIII,IXIII,1000,50,True,False,IIIII,IXIII,1000,50,True,False,IIIII,0,0,0,0,False,False,False,same_as_baseline,False,False,False,False,False,311.0120149068324,10.250100000121165,9.840499998972518,26.364699999248842
510007,6,IZIII,0101,23,IZIII,1000,50,True,False,IIIII,IZIII,50,True,False,IIIII,IZIII,1000,50,True,False,IIIII,IZIII,1000,50,True,False,IIIII,0,0,0,0,False,False,False,same_as_baseline,False,False,False,False,False,309.9864844720497,12.308900000789436,10.725199999797042,29.489800001101685
510007,7,YIIII,1011,23,XIYIZ,974,390,False,True,ZIYIZ,YIIII,50,True,False,IIIII,YIIII,971,50,True,False,IIIII,YIIII,971,50,True,False,IIIII,340,340,1,1,True,True,False,accept_guarded_override,False,False,True,True,False,308.27891055900625,12.921499999720254,11.84310000098776,31.694299999799114
510007,8,YIIII,1011,23,YIIII,972,50,True,False,IIIII,YIIII,50,True,False,IIIII,YIIII,972,50,True,False,IIIII,YIIII,972,50,True,False,IIIII,0,0,0,0,False,False,False,same_as_baseline,False,False,False,False,False,307.0249366459627,10.968500000672066,9.599100001651095,26.444099999935133
510007,9,IIIIY,0111,23,IIIIY,935,50,True,False,IIIII,IIIIY,50,True,False,IIIII,IIIIY,935,50,True,False,IIIII,IIIIY,935,50,True,False,IIIII,0,0,0,0,False,False,False,same_as_baseline,False,False,False,False,False,303.4273627329193,10.231300000668853,9.812399999646004,25.856100000964943
510007,10,IIYII,1110,23,IIYII,954,50,True,False,IIIII,IIYII,50,True,False,IIIII,IIYII,954,50,True,False,IIIII,IIYII,954,50,True,False,IIIII,0,0,0,0,False,False,False,same_as_baseline,False,False,False,False,False,302.93267577639756,11.093600000094739,10.035100000095554,27.03060000021651
510007,11,IXIII,1000,23,IXIII,966,50,True,False,IIIII,IXIII,50,True,False,IIIII,IXIII,966,50,True,False,IIIII,IXIII,966,50,True,False,IIIII,0,0,0,0,False,False,False,same_as_baseline,False,False,False,False,False,304.80624099378883,10.641599999871687,10.68920000034268,27.244700000665034
510007,12,IIIXI,0110,23,IIIXI,1000,50,True,False,IIIII,IIIXI,50,True,False,IIIII,IIIXI,1000,50,True,False,IIIII,IIIXI,1000,50,True,False,IIIII,0,0,0,0,False,False,False,same_as_baseline,False,False,False,False,False,310.7556322981367,10.611300000164192,10.14010000108101,26.464900000064517
510007,13,IIXII,1100,23,IIXII,986,50,True,False,IIIII,IIXII,50,True,False,IIIII,IIXII,986,50,True,False,IIIII,IIXII,986,50,True,False,IIIII,0,0,0,0,False,False,False,same_as_baseline,False,False,False,False,False,308.05704099378886,10.324799999580137,9.961300000213669,25.502100001176586
510007,14,IIIZI,1001,23,IIIZI,1000,50,True,False,IIIII,IIIZI,50,True,False,IIIII,IIIZI,1000,50,True,False,IIIII,IIIZI,1000,50,True,False,IIIII,0,0,0,0,False,False,False,same_as_baseline,False,False,False,False,False,314.985945341615,10.083600000143633,9.806499998376239,25.945100000171806
510007,15,IIIIZ,0100,23,IIIIZ,958,50,True,False,IIIII,IIIIZ,50,True,False,IIIII,IIIIZ,958,50,True,False,IIIII,IIIIZ,958,50,True,False,IIIII,0,0,0,0,False,False,False,same_as_baseline,False,False,False,False,False,305.48006708074536,10.25130000016361,10.88520000121207,27.28930000012042
510007,16,XIIII,0001,23,XIIII,992,50,True,False,IIIII,XIIII,50,True,False,IIIII,XIIII,992,50,True,False,IIIII,XIIII,992,50,True,False,IIIII,0,0,0,0,False,False,False,same_as_baseline,False,False,False,False,False,311.6858409937888,13.056300000243937,16.363800001272466,37.6326000005065
510007,17,IIIYI,1111,23,IIIYI,1000,50,True,False,IIIII,IIIYI,50,True,False,IIIII,IIIYI,1000,50,True,False,IIIII,IIIYI,1000,50,True,False,IIIII,0,0,0,0,False,False,False,same_as_baseline,False,False,False,False,False,311.52478012422364,11.314999999740394,9.716999999000109,26.99370000118506
510007,18,XIIII,0001,23,XIIII,948,50,True,False,IIIII,XIIII,50,True,False,IIIII,XIIII,948,50,True,False,IIIII,XIIII,948,50,True,False,IIIII,0,0,0,0,False,False,False,same_as_baseline,False,False,False,False,False,306.0980149068323,11.531599999216269,9.198200001264922,26.407400000607595
510007,19,IIIZI,1001,23,IIIZI,1000,50,True,False,IIIII,IIIZI,50,True,False,IIIII,IIIZI,1000,50,True,False,IIIII,IIIZI,1000,50,True,False,IIIII,0,0,0,0,False,False,False,same_as_baseline,False,False,False,False,False,310.7556322981367,10.378699998909724,15.909300000203075,31.75349999946775
510007,20,IIIIX,0011,23,IIIIX,1000,50,True,False,IIIII,IIIIX,50,True,False,IIIII,IIIIX,1000,50,True,False,IIIII,IIIIX,1000,50,True,False,IIIII,0,0,0,0,False,False,False,same_as_baseline,False,False,False,False,False,312.6785018633541,10.078199999043136,10.331999999834807,26.15230000083102
510007,21,IZIII,0101,23,IZIII,1000,50,True,False,IIIII,IZIII,50,True,False,IIIII,IZIII,1000,50,True,False,IIIII,IZIII,1000,50,True,False,IIIII,0,0,0,0,False,False,False,same_as_baseline,False,False,False,False,False,309.9864844720497,11.404599999877973,10.16920000074606,27.149899999130866
510007,22,IXIII,1000,23,IXIII,1000,50,True,False,IIIII,IXIII,50,True,False,IIIII,IXIII,1000,50,True,False,IIIII,IXIII,1000,50,True,False,IIIII,0,0,0,0,False,False,False,same_as_baseline,False,False,False,False,False,310.3710583850932,10.327500000130385,10.585400001218659,26.385599998320686
510007,23,IIIZI,1001,23,YIZII,1000,220,False,True,YIZZI,IIIZI,50,True,False,IIIII,IIIZI,995,50,True,False,IIIII,IIIZI,995,50,True,False,IIIII,170,170,1,1,True,True,False,accept_guarded_override,False,False,True,True,False,293.8228757763975,11.094000001321547,9.78440000108094,27.184100001250044
510007,24,ZIIII,1010,23,IIXXI,1000,220,False,True,ZIXXI,ZIIII,50,True,False,IIIII,ZIIII,975,50,True,False,IIIII,ZIIII,975,50,True,False,IIIII,170,170,1,1,True,True,False,accept_guarded_override,False,False,True,True,False,290.70026708074533,10.621299999911571,13.155700000424986,29.12309999919671
510007,25,IIIIY,0111,23,IIIIY,1000,50,True,False,IIIII,IIIIY,50,True,False,IIIII,IIIIY,1000,50,True,False,IIIII,IIIIY,1000,50,True,False,IIIII,0,0,0,0,False,False,False,same_as_baseline,False,False,False,False,False,311.14020621118016,10.458600001584273,9.2620999985229,24.95170000111102
510007,26,IIZII,0010,23,IIZII,1000,50,True,False,IIIII,IIZII,50,True,False,IIIII,IIZII,1000,50,True,False,IIIII,IIZII,1000,50,True,False,IIIII,0,0,0,0,False,False,False,same_as_baseline,False,False,False,False,False,294.60352795031065,10.562200001004385,9.913399999277317,32.09529999912775
510007,27,XIIII,0001,23,XIIII,962,50,True,False,IIIII,XIIII,50,True,False,IIIII,XIIII,962,50,True,False,IIIII,XIIII,962,50,True,False,IIIII,0,0,0,0,False,False,False,same_as_baseline,False,False,False,False,False,304.82267577639755,14.771799998925417,15.820599999642582,37.85240000070189
510007,28,IIIYI,1111,23,IIIYI,977,50,True,False,IIIII,IIIYI,50,True,False,IIIII,IIIYI,977,50,True,False,IIIII,IIIYI,977,50,True,False,IIIII,0,0,0,0,False,False,False,same_as_baseline,False,False,False,False,False,306.90824968944105,13.438599999062717,16.489300000102958,37.31549999974959
510007,29,IIIXI,0110,23,IIIXI,982,50,True,False,IIIII,IIIXI,50,True,False,IIIII,IIIXI,982,50,True,False,IIIII,IIIXI,982,50,True,False,IIIII,0,0,0,0,False,False,False,same_as_baseline,False,False,False,False,False,307.6889018633541,12.050199999066535,10.431900000185124,30.07629999956407
510007,30,ZIIII,1010,23,IIXXI,1000,220,False,True,ZIXXI,ZIIII,50,True,False,IIIII,ZIIII,977,50,True,False,IIIII,ZIIII,977,50,True,False,IIIII,170,170,1,1,True,True,False,accept_guarded_override,False,False,True,True,False,291.01252795031064,11.365399999704096,15.033900001071743,32.91669999998703
510007,31,IYIII,1101,23,IYIII,976,50,True,False,IIIII,IYIII,50,True,False,IIIII,IYIII,976,50,True,False,IIIII,IYIII,976,50,True,False,IIIII,0,0,0,0,False,False,False,same_as_baseline,False,False,False,False,False,307.26488447204974,12.115400000766385,10.430899999846588,28.7917000005109
510007,32,IIYII,1110,23,IIYII,1000,50,True,False,IIIII,IIYII,50,True,False,IIIII,IIYII,1000,50,True,False,IIIII,IIYII,1000,50,True,False,IIIII,0,0,0,0,False,False,False,same_as_baseline,False,False,False,False,False,294.60352795031065,11.23619999998482,10.825700001078076,28.667200000199955
510007,33,IIIIZ,0100,23,IIIIZ,994,50,True,False,IIIII,IIIIZ,50,True,False,IIIII,IIIIZ,994,50,True,False,IIIII,IIIIZ,994,50,True,False,IIIII,0,0,0,0,False,False,False,same_as_baseline,False,False,False,False,False,311.1007627329193,10.830499999428866,12.375800000882009,29.686599998967722
510007,34,IIXII,1100,23,IIXII,956,50,True,False,IIIII,IIXII,50,True,False,IIIII,IIXII,956,50,True,False,IIIII,IIXII,956,50,True,False,IIIII,0,0,0,0,False,False,False,same_as_baseline,False,False,False,False,False,303.88589316770185,10.409000000436208,11.413000000175089,27.704899999662302
510007,35,IIIXI,0110,23,IIIXI,982,50,True,False,IIIII,IIIXI,50,True,False,IIIII,IIIXI,982,50,True,False,IIIII,IIIXI,982,50,True,False,IIIII,0,0,0,0,False,False,False,same_as_baseline,False,False,False,False,False,311.2782583850932,18.76810000067053,12.341499999820371,41.54050000033749
510007,36,IIYII,1110,23,IIYII,992,50,True,False,IIIII,IIYII,50,True,False,IIIII,IIYII,992,50,True,False,IIIII,IIYII,992,50,True,False,IIIII,0,0,0,0,False,False,False,same_as_baseline,False,False,False,False,False,309.25020621118017,11.460400000942172,9.662300000854884,26.82679999998072
510007,37,IXIII,1000,23,IXIII,1000,50,True,False,IIIII,IXIII,50,True,False,IIIII,IXIII,1000,50,True,False,IIIII,IXIII,1000,50,True,False,IIIII,0,0,0,0,False,False,False,same_as_baseline,False,False,False,False,False,294.60352795031065,9.992799999963609,9.552999999868916,25.110200000199256
510007,38,IZIII,0101,23,IZIII,955,50,True,False,IIIII,IZIII,50,True,False,IIIII,IZIII,955,50,True,False,IIIII,IZIII,955,50,True,False,IIIII,0,0,0,0,False,False,False,same_as_baseline,False,False,False,False,False,307.0627366459627,9.509600000455976,8.786599999439204,23.879399999714224
510007,39,IYIII,1101,23,IYIII,1000,50,True,False,IIIII,IYIII,50,True,False,IIIII,IYIII,1000,50,True,False,IIIII,IYIII,1000,50,True,False,IIIII,0,0,0,0,False,False,False,same_as_baseline,False,False,False,False,False,312.037545341615,10.133699999641976,9.42159999976866,26.520300001720898
510008,0,IIIZI,1001,23,IIIZI,986,50,True,False,IIIII,IIIZI,50,True,False,IIIII,IIIZI,986,50,True,False,IIIII,IIIZI,986,50,True,False,IIIII,0,0,0,0,False,False,False,same_as_baseline,False,False,False,False,False,308.5698062111801,10.42810000035388,9.428400000615511,25.85250000083761
510008,1,IIIZI,1001,23,IIIZI,937,50,True,False,IIIII,IIIZI,50,True,False,IIIII,IIIZI,937,50,True,False,IIIII,IIIZI,937,50,True,False,IIIII,0,0,0,0,False,False,False,same_as_baseline,False,False,False,False,False,304.38058012422357,10.011500000473461,9.53990000016347,25.08979999947769
510008,2,IIXII,1100,23,IIXII,988,50,True,False,IIIII,IIXII,50,True,False,IIIII,IIXII,988,50,True,False,IIIII,IIXII,988,50,True,False,IIIII,0,0,0,0,False,False,False,same_as_baseline,False,False,False,False,False,308.2411105590062,11.252699998294702,9.72130000081961,26.61179999995511
510008,3,IIXII,1100,23,IIXII,976,50,True,False,IIIII,IIXII,50,True,False,IIIII,IIXII,976,50,True,False,IIIII,IIXII,976,50,True,False,IIIII,0,0,0,0,False,False,False,same_as_baseline,False,False,False,False,False,306.88031055900626,10.123400001248228,9.781599999769242,25.711399999636342
510008,4,IIXII,1100,23,IIXII,961,50,True,False,IIIII,IIXII,50,True,False,IIIII,IIXII,961,50,True,False,IIIII,IIXII,961,50,True,False,IIIII,0,0,0,0,False,False,False,same_as_baseline,False,False,False,False,False,306.2048409937888,10.1593999988836,10.731899999882444,28.90780000052473
510008,5,IIIXI,0110,23,IIIXI,1000,50,True,False,IIIII,IIIXI,50,True,False,IIIII,IIIXI,1000,50,True,False,IIIII,IIIXI,1000,50,True,False,IIIII,0,0,0,0,False,False,False,same_as_baseline,False,False,False,False,False,311.0120149068324,11.165199999595643,9.804999999687425,26.746199999251985
510008,6,IXIII,1000,23,YIIIX,1000,220,False,True,YXIIX,IXIII,50,True,False,IIIII,IXIII,997,50,True,False,IIIII,IXIII,997,50,True,False,IIIII,170,170,1,1,True,True,False,accept_guarded_override,False,False,True,True,False,294.1351366459628,9.654499999669497,9.91989999965881,25.226199999451637
510008,7,XIIII,0001,23,XIIII,942,50,True,False,IIIII,XIIII,50,True,False,IIIII,XIIII,942,50,True,False,IIIII,XIIII,942,50,True,False,IIIII,0,0,0,0,False,False,False,same_as_baseline,False,False,False,False,False,302.34102360248437,10.058899999421556,9.680500001195469,25.192799999786075
510008,8,IZIII,0101,23,IZIII,982,50,True,False,IIIII,IZIII,50,True,False,IIIII,IZIII,982,50,True,False,IIIII,IZIII,982,50,True,False,IIIII,0,0,0,0,False,False,False,same_as_baseline,False,False,False,False,False,309.8681540372671,10.218800000075134,10.281200000463286,25.8908000014344
510008,9,IIIIX,0011,23,IIIIX,972,50,True,False,IIIII,IIIIX,50,True,False,IIIII,IIIIX,972,50,True,False,IIIII,IIIIX,972,50,True,False,IIIII,0,0,0,0,False,False,False,same_as_baseline,False,False,False,False,False,306.127597515528,9.47210000049381,7.858999999371008,22.974699999394943
510008,10,IXIII,1000,23,IXIII,998,50,True,False,IIIII,IXIII,50,True,False,IIIII,IXIII,998,50,True,False,IIIII,IXIII,998,50,True,False,IIIII,0,0,0,0,False,False,False,same_as_baseline,False,False,False,False,False,310.0587975155279,10.807399999976042,11.563400001250557,29.69180000036431
510008,11,IIXII,1100,23,IIXII,1000,50,True,False,IIIII,IIXII,50,True,False,IIIII,IIXII,1000,50,True,False,IIIII,IIXII,1000,50,True,False,IIIII,0,0,0,0,False,False,False,same_as_baseline,False,False,False,False,False,294.60352795031065,10.547199999564327,10.450100000525708,26.850100000956445
510008,12,IIIIY,0111,23,YIXII,1000,220,False,True,YIXIY,IIIIY,50,True,False,IIIII,IIIIY,997,50,True,False,IIIII,IIIIY,997,50,True,False,IIIII,170,170,1,1,True,True,False,accept_guarded_override,False,False,True,True,False,294.1351366459628,11.651599999822793,9.009100000184844,28.732500000842265
510008,13,IIIIY,0111,23,IIIIY,971,50,True,False,IIIII,IIIIY,50,True,False,IIIII,IIIIY,971,50,True,False,IIIII,IIIIY,971,50,True,False,IIIII,0,0,0,0,False,False,False,same_as_baseline,False,False,False,False,False,307.63795403726704,10.320899998987443,9.02210000094783,27.292300001136027
510008,14,IIIIX,0011,23,IIIIX,1000,50,True,False,IIIII,IIIIX,50,True,False,IIIII,IIIIX,1000,50,True,False,IIIII,IIIIX,1000,50,True,False,IIIII,0,0,0,0,False,False,False,same_as_baseline,False,False,False,False,False,295.24448447204975,11.886299998877803,9.546299999783514,27.011700000002747
510008,15,IIIIZ,0100,23,IIZXI,1000,220,False,True,IIZXZ,IIIIZ,50,True,False,IIIII,IIIIZ,991,50,True,False,IIIII,IIIIZ,991,50,True,False,IIIII,170,170,1,1,True,True,False,accept_guarded_override,False,False,True,True,False,293.1983540372671,9.619200000088313,9.02969999879133,24.0256999986741
510008,16,IIIXI,0110,23,IIIXI,990,50,True,False,IIIII,IIIXI,50,True,False,IIIII,IIIXI,990,50,True,False,IIIII,IIIXI,990,50,True,False,IIIII,0,0,0,0,False,False,False,same_as_baseline,False,False,False,False,False,312.3991105590062,11.739800000214018,8.66880000103265,28.31979999973555
510008,17,IIIXI,0110,23,IIIXI,961,50,True,False,IIIII,IIIXI,50,True,False,IIIII,IIIXI,961,50,True,False,IIIII,IIIXI,961,50,True,False,IIIII,0,0,0,0,False,False,False,same_as_baseline,False,False,False,False,False,304.9229279503106,11.846999999761465,10.008400000515394,27.95449999939592
510008,18,IIIYI,1111,23,IIIYI,1000,50,True,False,IIIII,IIIYI,50,True,False,IIIII,IIIYI,1000,50,True,False,IIIII,IIIYI,1000,50,True,False,IIIII,0,0,0,0,False,False,False,same_as_baseline,False,False,False,False,False,311.78116273291926,9.532300000500982,8.928899998863926,25.06790000006731
510008,19,IIIYI,1111,23,IIIYI,1000,50,True,False,IIIII,IIIYI,50,True,False,IIIII,IIIYI,1000,50,True,False,IIIII,IIIYI,1000,50,True,False,IIIII,0,0,0,0,False,False,False,same_as_baseline,False,False,False,False,False,312.80669316770195,11.794699999882141,9.454900000491762,27.541999999812106
510008,20,IIIIX,0011,23,IZIXI,1000,220,False,True,IZIXX,IIIIX,50,True,False,IIIII,IIIIX,981,50,True,False,IIIII,IIIIX,981,50,True,False,IIIII,170,170,1,1,True,True,False,accept_guarded_override,False,False,True,True,False,291.637049689441,10.382300000856048,10.138699999515666,26.619799999025417
510008,21,XIIII,0001,23,XIIII,992,50,True,False,IIIII,XIIII,50,True,False,IIIII,XIIII,992,50,True,False,IIIII,XIIII,992,50,True,False,IIIII,0,0,0,0,False,False,False,same_as_baseline,False,False,False,False,False,308.8656322981367,11.039700000765151,9.928199999194476,26.685900000302354
510008,22,IXIII,1000,23,YZIXI,963,390,False,True,YYIXI,IXIII,50,True,False,IIIII,IXIII,957,50,True,False,IIIII,IXIII,957,50,True,False,IIIII,340,340,1,1,True,True,False,accept_guarded_override,False,False,True,True,False,303.91383229813664,11.256499999944936,12.41430000118271,31.54539999923145
510008,23,ZIIII,1010,23,ZIIII,979,50,True,False,IIIII,ZIIII,50,True,False,IIIII,ZIIII,979,50,True,False,IIIII,ZIIII,979,50,True,False,IIIII,0,0,0,0,False,False,False,same_as_baseline,False,False,False,False,False,307.0923192546584,12.933300000440795,10.309100000085891,29.93160000005446
510008,24,IXIII,1000,23,IXIII,1000,50,True,False,IIIII,IXIII,50,True,False,IIIII,IXIII,1000,50,True,False,IIIII,IXIII,1000,50,True,False,IIIII,0,0,0,0,False,False,False,same_as_baseline,False,False,False,False,False,312.42211925465847,8.902300000045216,8.139999999912106,22.248700001000543
510008,25,IIYII,1110,23,IIIZY,1000,220,False,True,IIYZY,IIYII,50,True,False,IIIII,IIYII,993,50,True,False,IIIII,IIYII,993,50,True,False,IIIII,170,170,1,1,True,True,False,accept_guarded_override,False,False,True,True,False,293.5106149068323,9.396499999638763,8.200299998861738,23.169500000221888
510008,26,IIIIY,0111,23,IIIIY,994,50,True,False,IIIII,IIIIY,50,True,False,IIIII,IIIIY,994,50,True,False,IIIII,IIIIY,994,50,True,False,IIIII,0,0,0,0,False,False,False,same_as_baseline,False,False,False,False,False,309.818849689441,9.343099998659454,11.142000001200358,26.38649999971676
510008,27,IIIIY,0111,23,IIIIY,958,50,True,False,IIIII,IIIIY,50,True,False,IIIII,IIIIY,958,50,True,False,IIIII,IIIIY,958,50,True,False,IIIII,0,0,0,0,False,False,False,same_as_baseline,False,False,False,False,False,311.1204844720497,13.280899998790119,11.506799999551731,32.22740000092017
510008,28,YIIII,1011,23,YIIII,988,50,True,False,IIIII,YIIII,50,True,False,IIIII,YIIII,988,50,True,False,IIIII,YIIII,988,50,True,False,IIIII,0,0,0,0,False,False,False,same_as_baseline,False,False,False,False,False,309.90759751552787,13.44520000020566,9.991700000682613,29.92689999882714
510008,29,IYIII,1101,23,IYIII,1000,50,True,False,IIIII,IYIII,50,True,False,IIIII,IYIII,1000,50,True,False,IIIII,IYIII,1000,50,True,False,IIIII,0,0,0,0,False,False,False,same_as_baseline,False,False,False,False,False,313.83222360248453,10.206400000242866,9.796199999982491,25.67520000047807
510008,30,IIIIY,0111,23,IIIIY,988,50,True,False,IIIII,IIIIY,50,True,False,IIIII,IIIIY,988,50,True,False,IIIII,IIIIY,988,50,True,False,IIIII,0,0,0,0,False,False,False,same_as_baseline,False,False,False,False,False,309.01025838509315,13.274899998577894,11.178699998708908,31.555700001263176
510008,31,IIXII,1100,23,IIXII,998,50,True,False,IIIII,IIXII,50,True,False,IIIII,IIXII,998,50,True,False,IIIII,IIXII,998,50,True,False,IIIII,0,0,0,0,False,False,False,same_as_baseline,False,False,False,False,False,310.6997540372671,9.960600000340492,8.563700001104735,23.8270999998349
510008,32,ZIIII,1010,23,ZIIII,984,50,True,False,IIIII,ZIIII,50,True,False,IIIII,ZIIII,984,50,True,False,IIIII,ZIIII,984,50,True,False,IIIII,0,0,0,0,False,False,False,same_as_baseline,False,False,False,False,False,308.2575453416149,9.425799999007722,8.431500000369851,22.963700001128018
510008,33,IYIII,1101,23,IYIII,1000,50,True,False,IIIII,IYIII,50,True,False,IIIII,IYIII,1000,50,True,False,IIIII,IYIII,1000,50,True,False,IIIII,0,0,0,0,False,False,False,same_as_baseline,False,False,False,False,False,311.78116273291926,10.309100000085891,17.29189999969094,34.571099999084254
510008,34,IIZII,0010,23,IIZII,1000,50,True,False,IIIII,IIZII,50,True,False,IIIII,IIZII,1000,50,True,False,IIIII,IIZII,1000,50,True,False,IIIII,0,0,0,0,False,False,False,same_as_baseline,False,False,False,False,False,311.78116273291926,17.329000000245287,9.997600000133389,33.820799999375595
510008,35,IIIYI,1111,23,IIIYI,982,50,True,False,IIIII,IIIYI,50,True,False,IIIII,IIIYI,982,50,True,False,IIIII,IIIYI,982,50,True,False,IIIII,0,0,0,0,False,False,False,same_as_baseline,False,False,False,False,False,314.8676149068324,11.160600000948762,8.94220000009227,24.969799998871167
510008,36,IIIIX,0011,23,IIIIX,1000,50,True,False,IIIII,IIIIX,50,True,False,IIIII,IIIIX,1000,50,True,False,IIIII,IIIIX,1000,50,True,False,IIIII,0,0,0,0,False,False,False,same_as_baseline,False,False,False,False,False,311.9093540372671,9.371699999974226,9.026699999594712,23.968400000740075
510008,37,IIIIY,0111,23,IIIIY,1000,50,True,False,IIIII,IIIIY,50,True,False,IIIII,IIIIY,1000,50,True,False,IIIII,IIIIY,1000,50,True,False,IIIII,0,0,0,0,False,False,False,same_as_baseline,False,False,False,False,False,296.3982062111802,9.90050000109477,9.174400000119931,24.25980000043637
510008,38,IIIYI,1111,23,IIIYI,1000,50,True,False,IIIII,IIIYI,50,True,False,IIIII,IIIYI,1000,50,True,False,IIIII,IIIYI,1000,50,True,False,IIIII,0,0,0,0,False,False,False,same_as_baseline,False,False,False,False,False,310.24286708074544,11.428100000557606,8.220800000344752,26.04609999980312
510008,39,YIIII,1011,23,YIIII,961,50,True,False,IIIII,YIIII,50,True,False,IIIII,YIIII,961,50,True,False,IIIII,YIIII,961,50,True,False,IIIII,0,0,0,0,False,False,False,same_as_baseline,False,False,False,False,False,307.10218012422365,10.202600000411621,12.096000000383356,28.65649999876041
